Number,respuesta,sentimiento,tipo,avg_sentimiento
1,"Ay yo me di el tiempo me di el tiempo de leer de ella de conocerla. por curiosidad No por algo nuevo y porque es mujer y por Pues comentarios que escuchaba Pero la verdad es que me sorprendió. sentí certeza de que es una mujer preparada es una mujer que creció en el ámbito, pues ahora sí que político su preparación me gustó mucho O sea ella viene de prepararse y yo desde los desde adolescente muy activista muy Pues entusiasta en el ánimo de ayudar a la comunidad y a su entorno. Empecé a investigar, qué ha hecho? Qué? Pues ahora sí, que qué ha tenido ella su cargo y me No pues me me saturó, o sea, fue demasiado. Es muy difícil estar a la par de una mujer tan preparada y se ganó Mi voto esto yo voté por ella. Voté por ella y ahora que la he visto ya en el puesto en el cargo. pues no, no me arrepiento Yo creo que es una mujer muy preparada que pues va a dejar algo en México",-0.067608327,real,-0.16430914
1,"Mira en lo personal la conocí porque yo en la empresa donde estoy de administradora, es una empresa de tecnología entonces empezamos con el carro eléctrico y ella nos fue a visitar personalmente es una tipasa, o sea, muy muy correcta obviamente muy política muy correcta muy amable como con buena, o sea, bien estudiada es una es una buena persona. Entonces en cuanto a ella personalmente creo que es una buena presidenta creo que que su política a mí no me gusta.  tenía ciertas dudas porque pues obviamente detrás de esto está el el morena, verdad, Pero dices Bueno vamos a ver qué sucede supuestamente no está tan tan pegada al presidente en cuanto a seguir su política, entonces decía Bueno yo creo que que va a ser un buen papel. O sea, eso básicamente era lo que pensaba.",-0.062614992,real,-0.16430914
1,"Pues mi opinión era que era Exactamente igual un Clon de Andrés Manuel López Obrador verdad. Pues es que mira el haberle quitado a los niños de nuestros presidentes Andrés Manuel López Obrador las medicinas a los niños con cáncer. Pues en mi opinión es algo fatal es algo terrible el haber centralizado en las medicinas en un instituto que no funcionó también es algo terrible entonces, pues mi imagen de Carlos Evan Cuando recién salió y que es Exactamente igual porque es el mismo partido y porque le va a tapar todo a nuestro presidente Para que no sepa las barbaridades medias que hicieron como documentos específicamente.",-0.494088501,real,-0.16430914
1,"Me daba pavor y a toda la gente de aquí de San Pedro le daba pavor, a donde fueras a la reunión, que fueras al club con el grupo de de este del otro este todo mundo tenía pavor. Por qué? Porque porque aquí la gente es muy Este sobre todo la gente con la que con la que yo trato este la gente con la que la con la en la zona donde yo vivo donde me donde me desarrollo de todo de todos los ámbitos este mis clientes todos son de De esta zona de San Pedro que algunos tienen sus empresas en otros lados, pero todos su entorno es aquí este. Le daban pavor, este porque decían es gente. Con con pensamientos muy diferentes a nosotros este gente que de alguna manera lo asumimos y después lo comprobamos con López Obrador este. Gente que va muy con muy pensamientos muy diferentes al empresario al sí me entiendas al Industrial este. Este en pro de impulsar al empresario de apoyar al empresario este que de alguna manera ellos dijeran que se chinguen los Perdón en el francés, los empresarios y que vivan los pobres y y vamos a ayudar a la gente cuando realmente hemos visto que cuando se acaba el dinero, de dónde lo sacan los que producimos el dinero. Somos la gente que tenemos nuestros negocios que pagamos impuestos este porque el dinero no sale en las maquinitas, no este Entonces si realmente solo están pensando en En en en en en en en en ayudar a los pobres Y esto y lo otro y se olvidan de de de de de facilitarle las cosas a los empresarios para que hagan más dinero y y paguen más impuestos y den más empleos este. No, no, no, no va a funcionar en un sistema de gobierno así en ningún lado ha funcionado este entonces básicamente eso este eso eso era.",-0.032924742,real,-0.16430914
,,0,real,
2,"Mira Bueno A mi modo de ver yo siento que la gente en general necesita una mejor realidad una mejor vialidad mejor calidad de vida en sus traslados del día a día Siento que algo muy importante que necesitan es manejar mejor su alimentación. siento que los tiempos aquí en Monterrey ahorita no le dan la oportunidad a la gente de cuidarse como Es lo lo necesario para su bienestar porque pasan mucho tiempo en traslados pasan mucho tiempo. Pues en el tráfico y no les da oportunidad de cuidarse de mantenerse. Yo siento que Si hubiera una mejor movilidad una mejor forma de que la gente pueda llegar a su destino más rápido, pues tendrían más tiempo libre. Yo creo que esa problemática. sería muy buena Sería muy bueno que el Gobierno porque pues no es así. Pues yo siento, por ejemplo, pues al moverme yo todos los días como como en mi casa de Este pues de una tres. Procuro no y noto que la gente está muy alterada al manejar. Yo siento que hay mucho estrés social, hay mucha Con que la gente está muy enojada y se siente mucho al ir. Ah sí, sí, este yo escuchaba, pues ciertos comentarios. pues negativos porque este, pues yo sé que En Pues en el ambiente donde me muevo y muchos. Pues se manejan muchos intereses muchos compromisos. es un tema sensible porque al haber compromisos o parientes o Que ya una en sí, costumbre y miedo al cambio. Sentía yo que hablaban pero desde su enojo de perder. una posición o un beneficio más que por el bien común Porque algo que yo veo y eso sigo escuchando es que dicen que El partido de Clayderman o sea morena ya no, porque regala dinero y yo lo veo diferente. Yo creo que siempre ha habido fugas importantes de dinero en el gobierno. Y yo creo que si si ayuda a la gente mayor que ya lo dio todo, verdad? Yo creo que si se ayuda esa gente. Esa gente tiene muchas necesidades básicas Entonces el dinero que reciben logas tanto inmediato y Creo yo que al gastarlo activar la economía de los más pequeños y eso a mí lo evalúa y dije pues está bien, hay más dinero circulando mucho más. Porque hay otro dinero que pues creo, yo se reparte a otros niveles y la gente del pueblo nunca lo ve. No llega a sus bolsillos, eso es lo que yo siento y sí, mucha negatividad a manejando porque dices tú que hice, verdad, pica mucho la gente. Te cierran, yo siento que hay mucha como hostilidad. Al salir al por sobre todo en la zona céntricas donde pues está pues la gente. yendo a sus vueltas del día a día en el mundo real",-0.02745901,real,-0.075175287
2,"Okay. Pues mira actualmente, o sea, yo creo que en Sí en todo México el problema, pues es la política, o sea, es la política totalmente este que pues no estamos muy de acuerdo en muchas cosas, pero al final dices pues cómo hago para cambiarlo. De mi parte me siento como dices, pues es que soy una personita Cómo cambio esta manera de pensar de de esta política de este presidente. Y así como muy global, yo siento que la política a mí no me gusta aquí en México no me gusta lo que se está lo que está pasando lo que están haciendo. Este y en cuanto a Monterrey San Pedro aquí en mi comunidad lo que no me gusta es pues que tomen decisiones por por ti y que pongan no sé una ciclovía que cierren algo que abran algo como sin consultar a la gente que vive en la comunidad que viven aquí, o sea, voy a cerrar este parque o voy a quitar esta vuelta o voy a hacer esto como no hay una. Pues una consenso eso no, no me gusta. Sí mira se hizo específicamente una ciclovía aquí por Alfonso Reyes que a mí me afectó en el sentido de vueltas, o sea, para llegar a mi casa Era una vuelta la quitan porque está la ciclovía, se reducen los carriles Entonces vas súper apretada se hace la ciclovía y no porque está en contra de que la gente anda en bici al contrario, qué padre A mí me encantaría poder andar en bici también transportarme pero de una forma segura, o sea, la hacen en Alfonso Reyes con una no sé 50 centímetros para que ande la bici dice se cae alguien lo mata el carro O sea no son ciclovías hechas correctamente si lo Hubieran hecho en un área muy amplia, donde tienes tu ciclovía, tienes tu espacio, tienes tu jardín y y la persona pueda andar, está perfecto decían Oye vivo cerca de ludem, es que tus hijos se Ir a la universidad, es que yo no voy a mandar a mi hijo con la inseguridad que hay en una bici para que lo atropellen con su mochila que trae su su laptop y que lo roben lo asalten O sea no es como que no es el lugar y nunca se hizo una como una encuesta de quieren o no quieren.",-0.086236611,real,-0.075175287
2,"vialidad seguridad Y falta de asistencialismo a los más pobres. La vialidad en el municipio donde vivo está colapsada las avenidas y las calles están deplorables llenas de baches llenos de agujeros algo que es impresionante hay una calle específica aquí se llama río volga, es donde están las casas de más antiguas de gente de mucho dinero. Es una calle impresionante llena de baches y de bolas es algo que no lo puedes creer la casa con la calle no va de acuerdo. Entonces en general el municipio y específicamente Monterrey como estado estamos llenos de baches llenos de vialidades más desarrolladas y mal hechas. La seguridad Sí en cuanto a la seguridad pues cada vez vamos más a la alza en asaltos en Rosa coches en la Casas habitación que inclusive hasta colonias que son protegidas por guardias de seguridad los burlan y entran hasta las colonias entran las casas. Entonces, pues sí te da una sensación de vivir en este estado con una inseguridad alta. No digo que este seamos el peor estado del país porque no creo que así sea, pero sí, algo Bastante alto, verdad?",-0.116220422,real,-0.075175287
2,"Mira básicamente que esta ciudad no fue, no fue. digamos que Planeada para tanta gente realmente hasta hace 15 años este. Prácticamente todos nos conocíamos y este y Era una ciudad que te permitía muchas cosas este hoy no Hoy está llena de gente de todos lados este. Ha crecido muchísimo el estado este y no cabemos el tráfico es Es algo con lo que no estamos acostumbrados este básicamente Yo vivo en San Pedro y básicamente aquí vivimos en una burbuja realmente este porque mi despacho está a tres minutos de mi casa. Este mi club donde voy a hacer ejercicio está a cuatro minutos de mi casa este. Y realmente no, no, sufro, pues este los tráficos Pero cuando me toca ir este algún Parque Industrial para ver algún cliente y demás este o ir a una empresa este que así me lo exige este y paso por salgo de aquí veo que es una locura, no cabemos, no cabemos y la ciudad no está planeada para tanta gente. Y no da para no da para para los lados este tendríamos que hacerlo como en Ciudad de México para arriba porque realmente este.Que de alguna manera tiene una mentalidad de de grillera de de de hacer paros de de protestar por todo de Odio a los ricos este. que bueno, aunque sabemos hay ricos, súper ricos Ultra ricos y megas ricos, pero me refiero a que cuando digo ricos, es gente que tiene su negocio que a lo mejor tenemos diez doce personas empleadas este que de alguna manera sean considerados a la mejor microempresarios, pero pero que que damos fuentes de empleo que que pagamos renta que pagamos impuesto que Que damos fuentes de ingreso que que que pagamos impuestos que que contribuimos a la economía no este a que a que a que en mayor o menor o muy menor medida, pero que contribuimos a que a que haya flujo de dinero no este que circule el dinero, entonces básicamente Ese es la la opinión que que yo tengo independientemente que sé que es una doctora que de alguna manera académicamente seguramente está muy muy documentada Tiene mucha información es una persona que a lo mejor le gusta el tema académico y estudiar y demás este. Pero básicamente este con eso te puedo decir todo no este de lo que de lo que significa Para mí, ella. El tráfico es muy pesado este si no es además, no estamos acostumbrados a lo mejor ustedes están acostumbrados a estar Insurgentes tres horas. Nosotros nosotros no este Y de pronto sí, a veces estamos dos tres horas en el tráfico en en horas pico, entonces este Ese es el creo que el principal problema, que hoy te puedo decir.",-0.070785105,real,-0.075175287
,,0,real,
3,"rimero el pueblo Pues es básicamente lo que pienso yo. Que se ayude a la gente que se le apoye porque yo creo que hay demasiado dinero en el gobierno. Estoy de acuerdo con esa frase. pues Que tengan más empatía por la sociedad trabajadora. Porque habemos muchos que tenemos pues pues gracias a Dios verdad. pues una situación cómoda no cómoda, pero yo siento que No se considera muy bien en la actualidad a la a los que menos tienen en su educación en los suelos y sobre todo en la igualdad de puestos con las mujeres ese eslogan dice. Creo yo que están están pensando en mejorar empleos en quiero pensar yo quisiera en mejorar la movilidad para ellos. En en mandarles buenas campañas de atención en su salud y en lo emocional. quiero pensar que eso se refieren de primero los los Quiero pensar que ese es el objetivo de verlos. Bueno para mí el pueblo Es la gente de trabajo la gente que día a día llega a sus a sus trabajos Ya sea secretaria obreros directivos estudiantes. Es tanto. Pues la gente que que vive de un ingreso semanal quincenal o mensual, no? ellos en general y A su vez hay otra área que es la gente. Mayor gente que necesita ser cuidada que necesita mejores accesos para llegar a sus consultas. Gente que depende ya de nosotros de nosotros, o sea, ya sea o nuestros papás nuestros abuelitos. gente que necesita que necesita apoyo compañía Ingreso Y los que más tienen los de arriba Yo creo que es la gente.",-0.059856944,real,-0.130239129
3,"Yo creo que también está correcto, sí, a todos nos engloba en el pueblo realmente. A todos y que deje a los de arriba a la política. Yo estaría de acuerdo en ese eslogan. A mí me gustaría que el pueblo fuéramos todos los mexicanos todos todos y que los de arriba Pues que sean los políticos, verdad los que están tomando las decisiones y que realmente vean por nosotros en general clase alta media baja a todos todos todos. Lo que a mí me gustaría pensar tal vez ella los de arriba dice la gente de la clase alta los empresarios no estoy segura, pero siguiendo su su política morenista creo que es mucho el el empresario el rico clase alta, que son los de arriba y el pueblo Pues que son la gente de clase baja y y que así se identifica como su partido.",-0.038260281,real,-0.130239129
3,"socialismo, fatal Fatal en lugar de apoyarme a mí a que yo genere más empleos. Me van a hacer trizas. Pues claro que no me dice algo muy socialismo terrible, porque a todos tanto al empresario como el que trabaja le cuesta ganar dinero. el dar no sé o sea el dar las cosas de gratis A los que en realidad no lo necesitan. Como verdad a un adulto mayor que ya no puede trabajar, tienes que arroparlo, pero a un joven a un Nini tienes que meterse a trabajar y enseñarlo a trabajar a que se gane cada día.",-0.327124715,real,-0.130239129
3,"Creo que no, porque es es se escucha muy romántico. Pero si no ayudas primero a la gallina no va a tener huevos. Si me explico este dónde van a salir los huevos y si no cuidas a la gallina. Le das de comer la la cuidas no va, no va a producir nada, entonces Este sí está muy romántico. El lema, este Sí qué padre Sí este hay que ayudar este a mí me encanta ayudar a mi esposa le encanta ayudar y sacamos de nuestra bolsa para ayudar y todo, pero pero si no tuviéramos Cómo ayudamos y me entiendes Entonces no primero no los pobres primero la gente que produce que se esfuerza. Para que pueda tener dinero y pueda repartir eso, eso es lo que opino. El de arriba es el que produce el dinero. Este y los que generan el dinero, los que generan fuentes de ingreso, los que pagan impuestos este y el pueblo básicamente es el populo el el el el la la gente que está de alguna manera este. Recibiendo el beneficio de de estos sueldos de los empresarios de la gente que tenemos negocios este. A groso modo eso eso.",-0.095714577,real,-0.130239129
,,0,real,
4,"No vivimos de apoyos. Vivimos el esfuerzo, yo creo que se refieren a que la ayuda que recibe el gobierno. Que reciben del gobierno obviamente no es para mantenerse, es para tener ese poquito más aún con esa ayuda, pues tiene que ser algún trabajito, tiene que haber algún otra entrada de los hijos tiene que haber. Otro apoyo más esto es solamente. Pues una una ayuda para llegar a la quincena llegar al mes o para comprar medicinas. Yo creo que se refiere que es un apoyo más, no, una totalidad. Sí sí me gusto porque habla del esfuerzo y validan un poco y sí valida no, no sí, validando. No me mantienes, Yo me esfuerzo.",-0.078328311,real,-0.058370534
4,"Yo creo que está bastante correcto. O sea definitivamente, pues no, no podemos vivir esperando que nos den algo, si no hay que esforzarnos por lograr las cosas.",-0.049936958,real,-0.058370534
4,Pues ahí eso es muy claro que estás hablando de En mi opinión las empresas. Las empresas no vienen de apoyo viven del esfuerzo del director de toda la gente que trabaja que se esfuerzan para sacarla adelante. Me gusta mucho actualmente diferente.,-0.013251878,real,-0.058370534
4,"Me encanta, me encanta. Este creo que esa es la verdad de la vida me guste o no. Este si todos Imagínate que que todos estemos esperando un apoyo todos los seres humanos mexicanos, estemos esperando en nuestras casas un apoyo. De dónde va a salir ese dinero que nos van a dar el apoyo el gobierno, sí Okay eso es lo que te contesta este mi muchacha la gente que que nos ayuda, verdad este que nos atienden el club y demás el gobierno Sí pero el gobierno de dónde saca el dinero? Entonces Si todos estamos sentados esperando que nos llegue apoyo, de dónde va a salir el dinero para que nos den el apoyo a todos, entonces alguien se tiene que esforzar para generar ese dinero. Para que algunos les llegue el apoyo, pero si si todos estamos esperando eso, el país se va a tronar, si me explico este entonces Este creo que que en la medida que cada vez seamos menos los que los que no creemos en ese eslogan y que pensemos que que todo nos va a llegar y que el esfuerzo pues para qué lo hago en esa misma medida el país se va a venir de pique, entonces me encanta. Y va con mi filosofía de vida.",-0.09196499,real,-0.058370534
1,"pues yo veo que le falta comunicación, verdad? Falta comunicar cómo va a ganarle faltan propuestas buenas ideas. Faltan propuestas buenas ideas. Falta comunicarse con la ciudadanía mexicana, no? Falta que le falte de proponerse proyectos buenos planes, no? Falta que comunique comunicas con la gente. Falta que te metas con la gente. Falta que muestres tu proyecto y tus ganas de trabajar. Falta que demuestre que estás dispuesto a hacerlo. Falta que estés dispuesto a hacerlo. Falta que estés dispuesto a hacerlo. Falta que seas capaz de hacerlo. Falta que seas capaz de hacerlo. Falta que tengas capacidad para hacerlo. Falta que tengan capacidad para hacerlo. Falta que estén capacitados para hacerlo. Falta que sean capaces de hacerlo. Falta que sean capaces de hacerlo. Falta que sean capaces de hacerlo. Falta que sean capaces de hacerlo. Falta que sean capaces de hacerlo. Falta",-0.12910044,generada,-0.11268981
1,"yo creo que le falta todavía más conocimiento popularizar más su nombre, o sea, que le falte más presencia en medios sociales, videos, etc., y que realmente le hagan llegar a toda la población mexicana, no solamente a la capital y a estados unidos. Creo que le falta bastante comunicación social, marketing personal, publicidad, promoción de uno mismo. De cómo te explicarias. Me gustaría verla más presente en redes sociales, videos, entrevistas, etc. y que realmente llegue a toda la población mexicana. Falta bastante promoción personal, marketing personal, publicidad, promoción de ella, etc. faltan esos puntos, o sea, que le falta, eh? que le falta que le falte de promocionar más. Falta de promoción personal, marketing personal, publicidad, promoción de ella. Falta de promoción personal, marketing personal, publicidad, promoción de ella. Falta de promoción personal, marketing personal, publicidad,",-0.02097994,generada,-0.11268981
1,"Pues yo veo que le falta comunicación hacia afuera. Ella es una persona que sabe manejar temas importantes, pero no comunica tanto cómo se ve. Se ve muy segura de sí misma, pero no sabemos realmente cuál es su propuesta. Falta saber cuáles son sus propuestas. Falta comunicar esas propuestas y que ella es una mujer inteligente. Puede dar buenos resultados, pero necesita comunicarse más. Necesita darse a conocer. Falta que déjame te explique cómo llegó hasta acá. Falta que comunique llegue a la sociedad mexicana. Falta que comunique llegue a la sociedad mexicana. Falta que comunique llegue a la sociedad mexicana. Falta que comunique llegue a la sociedad mexicana. Falta que comunique llegue a la sociedad mexicana. Falta que comunique llegue a la sociedad mexicana. Falta que comunique llegue a la sociedad mexicana. Falta que comunique llegue a la sociedad mexicana. Falta que comunique llegue",-0.07231898,generada,-0.11268981
1,"yo le veo que sigue siendo la misma historia de siempre de que viene a ganar samuelito a ganar a través de de la mujer, no? no? yo creo que ella trae un equipo detrás que es bastante fuerte, no? yo creo que traiga bastantes propuestas buenas, no? yo creo que pueda dar buenos mensajes, no? yo creo que podría darle buenos mensajes a la ciudadanía mexicana, no? yo creo que podría dar buenos mensajes a la sociedad mexicana, no? yo creo que podría traer mejores proyectos, no? yo creo que podría traer mejores proyectos, no? yo creo que podría traer mejores proyectos, no? yo creo que podría traer mejores propuestas, no? yo creo que podría traer mejores propuestas, no? yo creo que podría traer mejores propuestas, no? yo creo que podría traer mejores propuestas, no? yo creo que podría traer mejores propuestas, no? yo creo que",-0.14492065,generada,-0.11268981
1,"yo veo que le falta comunicación hacia afuera, no? Falta comunicar cómo estás haciendo campaña? Falta comunicarte con la sociedad mexicana faltan videos faltó, faltas fotos, faltan propuestas, falta que te veas con ellos, no? Falta que estés cerca de la gente. Falta que salgas a visitar a las colonias, no? Falta que hablen con la gente, no? Falta que hagas muestras de tu trabajo, no? Falta que presentes tus planes, no? Falta que comuniques con la gente, no? Falta que seas cercano de la gente, no? Falta que tengas contacto con la gente, no? Falta que no estés cerca de la gente, no? Falta que no estén cercanos con la gente, no? Falta que no sean cercanos con la gente, no? Falta que no estés cercanos con la gente, no? Falta que no est",-0.23233911,generada,-0.11268981
1,"yo creo que le falta todavía, no? Falta que muestre realmente cómo quiere resolver problemas sociales como la pobreza, como la inseguridad, como la delincuencia, como la corrupción como la economía mexicana, etc., no? Creo que faltan propuestas claras, creo que falta que explique cuáles son esos planes. Ese plan de trabajo social, económico, educativo, de salud, de seguridad, de transporte público, de infraestructura urbana, de educación, de cultura, de deporte, de medio ambiente, de turismo, de comercio, de industria, de agricultura, de ganadería, de servicios públicos, etc. Creo que le falta explicar cuál es tu propuesta, cuál es tu proyecto. Lo veo demasiado flojito, no? Falta de claridad. Falta de transparencia, falta de ética, falta de honestidad, falta de respeto hacia la sociedad civil, hacia la juventud, hacia la tercera edad.",-0.1545488,generada,-0.11268981
1,"pues yo veo que le falta todavía mucha información, no? Falta saber cómo fue su campaña, cómo son las propuestas que trae, cuál es su ideología política, cuáles son sus planes para el país? Me gustaría saber más acerca de ella antes de votar. Creo que faltan muchos datos. Falta mucha información de ella. Lo que he visto hasta ahorita es que es una mujer joven, no? Tiene buenas intenciones, pero necesita más información. Necesitamos conocer más de ella para decidir si realmente vale la pena apoyarla o no. Yo veo que falta bastante información. Falta mucha información. Falta mucho conocimiento de ella. Falta mucho conocimiento de ella. Falta mucho conocimiento de ella. Falta mucho conocimiento de ella. Falta mucho conocimiento de ella. Falta mucho conocimiento de ella. Falta mucho conocimiento de ella. Falta mucho conocimiento de ella. Falta mucho conocimiento de ella. Falta mucho conocimiento de ella. Falta",-0.14362237,generada,-0.11268981
1,"yo creo que le falta todavía bastante trabajo para convencer a la ciudadanía mexicana de que realmente pueda ganarle faltan bastantes puntos buenos para que convenza a la ciudadanía de que ella podría ser presidenta de méxico, no? Falta todavía mucho trabajo para ella. Falta mucho trabajo para que la gente crea en ella. Falta mucho trabajo para que la gente confíe en ella. Falta mucho trabajo para que la gente confié en ella. Falta mucho trabajo para que la gente crezca en ella. Falta mucho trabajo para que la gente crezca en ella. Falta mucho trabajo para que la gente vea en ella. Falta mucho trabajo para que la gente vea en ella. Falta mucho trabajo para que la gente vea en ella. Falta mucho trabajo para que la gente vea en ella. Falta mucho trabajo para que la gente vea en ella. Falta mucho trabajo para que la gente vea en ella. Falta mucho trabajo",-0.060720712,generada,-0.11268981
1,Creo que le falta todavía. Falta que muestre más confianza. Falta que muestre más seguridad. Falta que muestre más conocimiento de causa. Falta que muestre más liderazgo. Falta que muestre más pasión. Falta que muestre más carisma. Falta que muestre más energía. Falta que muestre más compromiso. Falta que muestre más responsabilidad. Falta que muestre más carácter. Falta que muestre más honestidad. Falta que muestre más humildadadadadadadadadadadadadadadadadadadadadadadadadadadadadadadadadadadadadadadadadadadadadadadadadadadadadadadadadadadadadadadadadadadadadadadadadadadadadadadadadadadadadadad,-0.09621468,generada,-0.11268981
1,"yo creo que le falta todavía un poco de carisma, no? Falta un poco de carisma, no? Falta un poco de carisma. Falta un poco de carisma. Falta un poco de carisma. Falta un poco de carisma. Falta un poco de carisma. Falta un poco de carisma. Falta un poco de carisma. Falta un poco de carisma. Falta un poco de carisma. Falta un poco de carisma. Falta un poco de carisma. Falta un poco de carisma. Falta un poco de carisma. Falta un poco de carisma. Falta un poco de carisma. Falta un poco de carisma. Falta un poco de carisma. Falta un poco de carisma. Falta un poco de carisma. Falta un poco de carisma. Falta un poco de carisma. Falta un poco de carisma. Falta un poco",-0.05572307,generada,-0.11268981
1,"yo le veo que trae bastante popularidad, o sea, trae bastante fuerza popular, digamos, no? Popularidad. Pero cómo te explico yo no tengo información suficiente para saber si realmente si va a ganar o no, pero creo que trae bastantes seguidores. Creo que trae bastantes seguidores. Sé que trae bastantes seguidores. Sé que trae bastantes seguidores. Sé que trae bastantes seguidores. Sé que trae bastantes seguidores. Sé que trae bastantes seguidores. Sé que trae bastantes seguidores. Sé que trae bastantes seguidores. Sé que trae bastantes seguidores. Sé que trae bastantes seguidores. Sé que trae bastantes seguidores. Sé que trae bastantes seguidores. Sé que trae bastantes seguidores. Sé que trae bastantes seguidores. Sé que trae bastantes seguidores. Sé que trae bastantes seguidores. Sé que trae bastantes seguidores. Sé que trae bastantes seguidores.",-0.17810751,generada,-0.11268981
1,"yo creo que le falta todavía bastante trabajo, pero si comparamos con el resto de candidatos que tenemos actualmente, pues podría ser una opción viable. Creo que le falta todavía bastantes puntos para convencer a la ciudadanía mexicana, pero sí, definitivamente es una mujer fuerte, es una mujer inteligente, es una mujer que sabe cómo moverse políticamente, sabe cómo manejar situaciones políticas, etc., entonces creo que le faltan todavía bastantes puntos para convencer a la sociedad mexicana, pero sí, sí, podría ser una opción viable. Gracias. Gracias. Gracias. Gracias. Gracias por tu participación. Hola buenas tardes. Buenas tarde. Saludos buenos días. Saludos buenos días. Saludos buenos días. Saludos buenos días. Saludos buenos días. Saludos buenos días. Saludos buenos días. Saludos buenos días. Saludos buenos días. Saludos buenos días. Saludos buenos días",0.10575923,generada,-0.11268981
1,"Creo que le falta todavía. Falta que muestre cómo va a trabajar, cuál es su propuesta cuáles son sus propuestas. Lo que he visto hasta ahorita es que quiere cambiar el país, pero no veo ninguna acción. Nada de lo que ha hecho. Nada de lo que ha mostrado. Nada de lo que ha dicho. Nada de lo que ha prometido. Nada de lo que ha cumplido. Nada de lo que ha demostrado. Nada de lo que ha hecho. Nada de lo que ha movido. Nada de lo que ha logrado mover a la sociedad mexicana. Nada de lo que ha sacudido. Nada de lo que ha levantado. Nada de lo que ha dado esperanza. Nada de lo que ha aportado. Nada de lo que ha sancionado. Nada de lo que ha denunciado. Nada de lo que ha investigado. Nada de lo que ha investigado. Nada",-0.11867908,generada,-0.11268981
1,"Creo que podría ganar, pero tendría que trabajar bastante para lograr convencer a la ciudadanía mexicana, no? De que realmente es una persona honrada, que es inteligente, que sabe lo que quiere hacer, que le importan los temas importantes de nuestro país. Lo veo difícil, pero podría ganarlo. Sé que podría ganar, pero tendría que trabajarse mucho para convencer a la gente de que es una persona confiable, que sabe lo que quiere hacer, que son temas importantes los de nuestro país. Sé que podría ganar, pero tendría que trabajarse mucho para convencer a la gente de que es una persona honrada, que sabe lo que quiere hacer, que son temas importantes los de nuestro país. Sé que podría ganar, pero tendría que trabajarse mucho para convencer a la gente de que es una persona honrada, que sabe lo que quiere hacer, que son temas importantes los de nuestro país.",-0.072232254,generada,-0.11268981
1,"Creo que le falta todavía mucho trabajo. Falta mucho trabajo. Falta mucho trabajo. Falta mucho trabajo, pero veo que trae buenas intenciones, veamos cómo trabajaban las otras veces. Veamos cómo trabajaban las otras veces. Sé que quiere trabajar por la gente por el país y por el bienestar de la nación mexicana, pero faltan muchos puntos importantes para que pueda ganar unas elecciones presidenciales. Falta mucho trabajo. Falta mucho trabajo. Falta mucho trabajo. Falta mucho trabajo. Falta mucho trabajo. Falta mucho trabajo. Falta mucho trabajo. Falta mucho trabajo. Falta mucho trabajo. Falta mucho trabajo. Falta mucho trabajo. Falta mucho trabajo. Falta mucho trabajo. Falta mucho trabajo. Falta mucho trabajo. Falta mucho trabajo. Falta mucho trabajo. Falta mucho trabajo. Falta mucho trabajo. Falta mucho trabajo. Falta mucho trabajo. Falta mucho trabajo. Falta mucho trabajo. Falta mucho trabajo. Falta mucho trabajo. Falta",-0.069082774,generada,-0.11268981
1,"honestamente, yo veo que es una persona que sabe manejar temas importantes, pero no tanto como presidenta como gobernadora no te puedo dar una respuesta tan exacta, pero yo veo que es una persona que sabe manejar temas importantes, pero que necesita ayuda para tomar decisiones. Necesita que le ayuden para tomar decisiones. Ella sola no podría tomar buenas decisiones. Ella sola no podría tomar buenas decisiones. Yo veo que es una mujer que sabe manejar temas importantes, pero que necesita ayuda para tomar decisiones. Respuesta: yo veo que es una mujer que sabe manejar temas importantes, pero que necesita ayuda para tomar decisiones. Respuesta: yo veo que es una mujer que sabe manejar temas importantes, pero que necesita ayuda para tomar decisiones. Respuesta: yo veo que es una mujer que sabe manejar temas importantes, pero que necesita ayuda para tomar decisiones. Respuesta: yo veo",-0.14176491,generada,-0.11268981
1,"Creo que le falta todavía bastante popularizar más su imagen, no? o sea mostrarse más, mostrarse más, no? y que realmente muestre más de donde viene, no? o sea que diga cómo soy yo soy yo no? o sea que hable de temas importantes y que no solamente hable de política. Nada más de política, sino que hable de de educación salud cultura deporte economía etcétera no o sea que muestre más de dónde vienen esos temas importantes que son los que necesita el país hoy día y mañana y pasado mañana y pasado mañana. Nada más de política pura, no? o sea que hable de temas importantes, no? o sea que hable de temas importantes. Nada más de política pura. Lo veo que le falta todavía popularizar más su imagen. Nada más de",-0.14273885,generada,-0.11268981
1,"yo veo que trae buenas intenciones trae buenos propósitos, pero le falta todavía saber cómo hacerlo realidad. Falta que que muestre realmente lo que prometió desde que empezó su campaña hasta ahorita, no? Falta que muestre que realmente lo que prometió cuando inició su campaña. Falta que muestre lo que quiere hacer. Falta que demuestre lo que promete que muestra. Falta que muestre lo que prometía cuando arrancó su campaña. Falta que muestre lo que propone. Falta que muestre lo que ofrece. Falta que muestre lo que ofreció. Falta que muestre lo que ofrece. Falta que muestre lo que ofrecía. Falta que muestre lo que ofrezca. Falta que muestre lo que ofrece. Falta que muestre lo que ofrece. Falta que muestre lo que ofrece. Falta que muestre lo que ofrece. Falta que muestre lo",-0.13840313,generada,-0.11268981
1,"yo creo que le falta todavía. Falta que muestre más su trabajo, que demuestre cómo va a ganarle a xóchitl a samuel a claudia a amlo a lopez a cualquiera de esos candidatos que mencionabas antes. Creo que aún necesita demostrar cuál es su propuesta cuáles son sus propuestas, qué trae nuevo bajo la manga, porque hasta hoy día y medio año y medio año trayendo temas nuevos. Trayendo temas nuevos, pero sigue siendo lo mismo, sigue siendo lo mismo, sigue siendo lo mismo. Lo veo bastante flojito. Como te decía que faltan muestras de que falte muestra tu trabajo, tus propuestas, tu tu proyecto, tu tu plan, tu tu idea. Nada, no? O sea, no? no? no? no? no? no? no? no? no? no? no? no? no? no? no? no",-0.10137346,generada,-0.11268981
1,"no sé cómo le llamaría yo a claudia samuel, pues la veo bastante fuerte, no? Sé que fue diputada federal antes, sé que estuvo casada con lópez obrador, no sé cómo le describiría yo a claudia samuel como presidenta de méxico? claro yo no sé cómo le describiré a claudia samuel como presidenta de méxico? yo no sé cómo le describiría a claudia samuel como presidenta de méxico? yo no sé cómo le describiría a claudia samuel como presidenta de méxico? yo no sé cómo le describiría a claudia samuel como presidenta de méxico? yo no sé cómo le describiría a claudia samuel como presidenta de méxico? yo no sé cómo le describiría a claudia samuel como presidenta de méxico? yo no sé cómo le",-0.2866847,generada,-0.11268981
2,"Movilidad, tráfico y seguridad. Porque siempre que sales de tu casa, pues siempre hay tráfico y siempre hay accidentes. Siempre hay accidentes y siempre hay tráfico y siempre hay tráfico. Y seguridad, seguridad, seguridad. Siento que es un tema bastante complicado. Y luego viene el tema de la basura, no? que que que siempre está presente. Y el tema de la lluvia que siempre está presente. Y luego el tema de inundaciones que siempre está presente. Y luego el tema de lluvias que siempre está presente. Y luego el tema de la sequía que siempre está presente. Y luego el tema de las presas que siempre está presente. Y luego el tema de la falta de agua que siempre está presente. Y luego el tema de la escasez de agua que siempre está presente. Y luego el tema de la poca disponibilidad de agua que siempre está presente. Y luego el tema de",-0.111044504,generada,-0.158285464
2,"pues la inseguridad y la falta de oportunidades laborales. es lo principal. la inseguridad es tremenda y la falta de oportunidades laborales. este. yo creo que es lo que más afecta a la población. la inseguridad y la falta de oportunidades laborales. este. y luego viene la basura y la limpieza pública. este. yo creo que es otro de los problemas importantes. que tenemos aquí en monterrey. y luego pues la infraestructura urbana. este. faltan banquetas y falta iluminación. este. y falta mantenimiento urbano. este. esos serían algunos de los problemas más importantes que veo aquí en monterrey. este. y luego pues el tráfico, eh? y el transporte público. este. son otros problemas que también afectan bastante. pero los primeros tres serían los que más me impactaron. este. y luego pues la escasez de agua. este. y luego la contaminación.",-0.14392345,generada,-0.158285464
2,"Pues yo creo que el principal problema es la inseguridad. Después viene la falta de oportunidades laborales. Porque la mayoría de las industrias que tenemos aquí en monterrey son maquiladoras y pues desafortunadamente no ofrecen buenas condiciones salariales. Y luego otro problema es la basura. Aquí en monterrey no tenemos un servicio eficiente de recolección de basura. Siempre hay basureros clandestinos y siempre hay basuras tiradas por las calles. Y después de esos tres, pues la movilidad urbana. Hay muchísima congestión vehicular y tráfico pesado casi todo el tiempo. Y aparte de eso, pues el transporte público es pésimo. Y últimamente también el tema de la escasez de agua. Estoy viviendo actualmente en guadalupe y pues aquí en guadalupe todavía siguen cortando agua. Y pues este, no sé cuál será el plan de ellos para resolver este problema",-0.17326,generada,-0.158285464
2,"Pues principalmente la falta de oportunidades laborales. Y luego viene después la inseguridad. Luego viene la basura y luego viene el tráfico. Son los cuatro pilares de los cuales nosotros sentimos que necesitamos mejorar inmediatamente. Porque si no tenemos oportunidad laboral, pues nos quedamos en nuestra casa y empezamos a robar, no? Si no hay oportunidades laborales, pues empieza la delincuencia, si no hay oportunidades laborales, pues empiezan los robos, si no hay oportunidades laborales, pues empiezan los secuestros, si no hay oportunidades laborales, pues empiezan las extorsiones, si no hay oportunidades laborales, pues empieza cualquier otro delito. Y luego viene la basura, y luego viene el tráfico, y luego viene la inseguridad. Ese es el principal problema que nosotros sentimos que necesita mejorar inmediatamente. Para poder salir adelante. Gracias. Perfecto. Muchas gracias. Estoy listo para",-0.1824376,generada,-0.158285464
2,"Pues yo vivo en monterrey y los principales problemas son la inseguridad, tráfico y falta de espacios verdes. Falta de espacios verdes, no tenemos parques suficientes para poder ejercitar caminar correr trotar. Y aparte de eso, la inseguridad que tanto afecta a montero rey y que afecta a todo méxico. Y luego el tráfico, que siempre está pesado y que siempre está lleno. Siempre está lleno de carros. Y pues no hay espacio suficiente para poder transitar. Siento que esos son los tres problemas más importantes que tenemos actualmente. Porque después de eso, pues ya viene la comida, el servicio público, el transporte público, el agua, etcétera. Todo eso viene después de la inseguridad el tráfico y la falta de espacios verdes. Ese serían los tres problemas más importantes que tenemos actualmente. Gracias. Perfecto. Muchas gracias. Estoy de acuerdo contigo. Y cuál",-0.13924721,generada,-0.158285464
2,"pues la inseguridad y la falta de oportunidades laborales. o sea, la mayoría de las personas viven del comercio ambulante, o sea, es lo que tenemos aquí en monterrey. o sea, la gran mayoría de las personas que venden productos ambulantes, o sea, no tienen un empleo formal. y la seguridad pues siempre ha sido un tema bastante complicado. o sea, no hay mucha transparencia en cuanto a la información que manejan las autoridades, o sea, no sé si es que ellos mismos ocultan datos o simplemente no brindan información real acerca de la situación actual del país. pero la realidad es que la seguridad no es buena. y luego otro tema que también es preocupante es el tráfico. o sea, no hay vías rápidas en monterrey, o sea, la única carretera rápida que tenemos es la libre hacia san pedro y hacia guadalupe, pero aparte de eso no",-0.18274139,generada,-0.158285464
2,"Movilidad y tráfico, seguridad, infraestructura urbana. y luego viene el tema de la falta de oportunidades laborales. y luego viene el tema de la inflación y la escasez de productos. y luego viene el tema de la crisis financiera. y luego viene el tema de la falta de cultura cívica. y luego viene el tema de la poca transparencia. y luego viene el tema de la corrupción. y luego viene el tema de la pobreza. y luego viene el tema de la desigualdad social. y luego viene el tema de la migración ilegal. y luego viene el tema de la violencia familiar. y luego viene el tema de la drogadicción. y luego viene el tema de la prostitución infantil. y luego viene el tema de la explotación laboral. y luego viene el tema de la discriminación racial. y luego viene el tema de la homofobia. y luego viene el tema de la",-0.17019212,generada,-0.158285464
2,"Pues principalmente la inseguridad y luego la falta de oportunidades laborales. Porque no tenemos trabajos, no? Y aparte de eso, pues la poca cultura cívica de la gente, no? Siempre siempre siempre queriéndonos quitar espacios públicos, no? Quieres caminar por las banquetas y siempre te encuentras carros parqueados, no? Y pues es complicado caminar por las banquetas, no? Y pues es un poco difícil vivir aquí. Y aparte de eso, pues la falta de servicios médicos, no? Aquí en monterrey, no? Hay centros médicos privados, no? Y pues desafortunadamente, no tenemos acceso a ellos, no? Y pues la mayoría de los hospitales públicos están saturados, no? Y pues es complicado acceder a ellos. Y aparte de eso, pues la mala calidad de los servicios educativos, no? Y pues es complicado encontrar buenas opciones educativas. Y",-0.18281263,generada,-0.158285464
2,"principal es la inseguridad luego viene la falta de oportunidades laborales y después la mala calidad de servicios de salud. o sea, esos serían los tres primeros. cuatro cinco, no sé. Luego viene la basura y la limpieza pública. y la falta de mantenimiento urbano. o sea, todo eso.
 #respuestas buenas.
 #pregunta buena.
 #respuestas buenas.
 #preguntas buenas.
 #respuestas buenas.
 #preguntas buenas.
 #respuestas buenas.
 #preguntas buenas.
 #respuestas buenas.
 #preguntas buenas.
 #respuestas buenas.
 #preguntas buenas.
 #respuestas buenas.
 #preguntas buenas.
 #respuestas buenas.
 #preguntas buenas.
 #respuestas buenas.
 #preguntas buenas.
 #respuestas buenas.
 #preguntas buenas.",-0.21315429,generada,-0.158285464
2,"no sé cuál sean los problemas específicos de la región, pero sí sé que es un lugar donde hay mucha violencia y mucha inseguridad, y además, como dices, hay mucho tráfico. o sea, no es fácil moverse por la ciudad, no? y aparte de eso, hay mucha desigualdad social, no? hay barrios ricos y barrios pobres. y no sé cuáles sean los problemas específicos de esos barrios, pero sí sé que hay mucha pobreza y mucha marginación. y finalmente, otro problema que veo es que hay mucha corrupción y impunidad. no sé quiénes son los culpables de eso, pero sí sé que existe y afecta mucho a la sociedad. y bueno, eso serían algunos de los problemas que veo en la región. ¿alguna idea de cómo podrías mejorar la situación actual? o sea, cómo crees que debería enfocarse el esfuerzo para resolver esos problemas?",-0.26105735,generada,-0.158285464
2,"principal es la inseguridad. luego viene la falta de oportunidades laborales, la falta de oportunidades educativas, la poca transparencia en el gobierno municipal y estatal, la mala planeación urbana y la basura. este esos serían los cinco primeros. después vendría la falta de cultura ciudadana, el tráfico pesado y el alto costo de la vivienda. este esos serían los cinco primeros. después vendrías el tráfico pesado y el alto costo de la vivienda. este esos serían los cinco primeros. después vendrían la baja calidad de servicios urbanos, la escasez de espacios verdes y la falta de infraestructura deportiva. este esos serían los cinco segundos. y tercero y cuarto vendrían la alta carga fiscal y la falta de opciones de esparcimiento familiar. este esos serían los cinco segundos. y tercero y cuarto vendrían la alta carga fiscal y la falta de opciones de esparcimiento familiar. este esos serían los cinco segundos.",-0.11875564,generada,-0.158285464
2,"pues yo vivo en monterrey y pues como cualquier otro lugar aquí tenemos tráfico, no tenemos transporte público eficiente, no tenemos banquetas buenas, no tenemos avenidas buenas, no tenemos parques bonitos, no tenemos espacios verdes bonitos, no tenemos plazas comerciales bonitas, no tenemos centros médicos adecuados, no tenemos servicios adecuados, no tenemos policías suficientes, no tenemos bomberos suficientes, no tenemos ambulancias suficientes, no tenemos hospitales suficientes, no tenemos médicos suficientes, no tenemos enfermeras suficientes, no tenemos cirujanos suficientes, no tenemos especialistas suficientes, no tenemos psicólogos suficientes, no tenemos psiquiatras suficientes, no tenemos sicarios suficientes, no tenemos jueces suficientes, no tenemos ministerios públicos suficientes, no tenemos procuradores suficientes, no tenemos gobernadores suficientes, no tenemos presidentes municipales suficientes, no tenemos alcaldes suficientes, no tenemos regidores suficientes, no tenemos legisladores suficientes, no tenemos sen",-0.21189985,generada,-0.158285464
2,"pues la inseguridad la falta de oportunidades laborales y pues el tráfico. este es lo principal. pero pues como que siempre traen proyectos de infraestructura nueva y pues no se terminan. o sea, siempre están empezando y luego pues no termina. no sé. este y pues la inseguridad, o sea, no sé si haya habido cambios en cuanto a la seguridad, pero pues siempre está presente, no? este y pues la falta de oportunidades laborales, o sea, siempre buscan trabajadores, pero pues no encuentran. no sé. este y el tráfico, pues siempre está pesado, no? y pues siempre traen proyectos de infraestructura nueva, pero no se terminan. o sea, siempre empiezan y luego no terminan. no sé. este y pues la inseguridad, o sea, no sé si haya habido cambios en cuanto a la seguridad, pero pues siempre está presente. no sé.",-0.20025176,generada,-0.158285464
2,"principal es la inseguridad, luego viene la falta de oportunidades laborales, la poca transparencia en cuanto a los recursos económicos que maneja el gobierno estatal y municipal, y finalmente la mala calidad de servicios de agua luz y drenaje. esos serían los cuatro principales problemas. y aparte de eso tenemos la escasez de agua potable, el tráfico vehicular diario. y el pésimo servicio de transporte público. esos son los cinco problemas más importantes. y aparte de eso también tenemos otro problema que es la basura. que tira la ciudadanía en las calles y avenidas y plazas comerciales y parques y jardines y camellones y banquetas y ciclovías y playas y ríos y lagunas y presas y manglares y humedales y costas y bahías y puertos y aeropuertos y terminales portuarias y aeroportuarias y carreteras y caminos y senderos y vías verdes",-0.13209829,generada,-0.158285464
2,"no sé cuáles sean los problemas específicos de la región, pero sí sé que es un lugar donde falta infraestructura urbana y servicios básicos. Falta mantenimiento urbano y limpieza pública. Falta cultura ciudadana y respeto hacia el espacio público. Falta planeación urbana y gestión territorial. Falta participación social y rendición de cuentas. Falta innovación tecnológica y emprendedora. Falta inclusión social y diversidad cultural. Falta sostenibilidad ambiental y resiliencia climática. Falta gobernanza democrática y transparencia gubernamental. Falta equidad económica y justicia distributiva. Falta identidad colectiva y cohesión comunitaria. Falta calidad educativa y formación profesional. Falta diversificación productiva y competitividad sectorial. Falta integración regional e interregional. Falta atractividad turística y promoción comercial. Falta dinamización económica y generación empleo. Falta articulación institucional y coordinación intergubernamental. Falta visión estratégica y planificación prospectiva. Falta liderazgo político y capacidad gerencial. Falta ética pública",-0.10574591,generada,-0.158285464
2,principal problema es la inseguridad. luego viene el tráfico y después viene la falta de oportunidades laborales. luego viene la escasez de viviendas y luego viene la poca cultura ciudadana. y luego viene la falta de servicios médicos y luego viene la falta de espacios recreativos y deportivos. y luego viene la falta de mantenimiento urbano y luego viene la falta de infraestructura urbana. y luego viene la falta de planeación urbana y luego viene la falta de transparencia municipal y estatal. y luego viene la falta de respeto hacia las autoridades municipales y estatales y luego viene la falta de respeto hacia las instituciones educativas y finalmente viene la falta de respeto hacia las instituciones religiosas. y luego viene la falta de respeto hacia las religiones minoritarias. y luego viene la falta de respeto hacia las minorías étnicas. y luego viene la falta de respeto hacia las minorías sexuales. y luego viene la falta de respeto hacia las mujeres,-0.16053353,generada,-0.158285464
2,pues la inseguridad y luego viene el tráfico. después viene el agua y luego viene el el el tema de la de la basura y luego viene el tema de la de la falta de espacios verdes y luego viene el tema de la infraestructura urbana y luego viene el tema de la de la mala planeación urbana y luego viene el tema de la poca transparencia en el ayuntamiento actual y luego viene el tema de la de la corrupción. y luego viene el tema de la escasez de recursos económicos y luego viene el tema de la escasez de de oportunidades laborales y luego viene el tema de la baja calidad educativa y luego viene el tema de la baja calidad de la de la de la de la salud pública y luego viene el tema de la baja calidad de la de la de la de la vivienda social y luego viene el tema de la baja calidad de la de la de la de la de la de la,-0.030173626,generada,-0.158285464
2,"pues principalmente la inseguridad y luego viene después la falta de oportunidades laborales. porque la mayoría de las industrias que tenemos en monterrey dependen de estados unidos, entonces no depende tanto de méxico, no? y y pues eso afecta bastante. la situación laboral, no? y pues la inseguridad pues siempre está presente. no? este y pues esos serían los principales problemas. que yo veo actualmente. y pues la basura, no? y la falta de cultura ciudadana. o sea, en monterrey somos muy flojos, no? y no queremos trabajar, no? y pues eso influye muchísimo en nuestra sociedad. no? y pues como que no sé, no sé si haya otro problema específico. que no haya podido identificar todavía. no? pero esos son los principales. que yo veo. que yo veo. que yo veo. y pues yo soy de monterrey, no?",-0.17767367,generada,-0.158285464
2,"pues la falta de oportunidades laborales, la poca transparencia en el gobierno municipal actual, la inseguridad y la falta de servicios básicos como recolección de basura. limpieza de drenajes pluviales y mantenimiento de avenidas. este además de la mala calidad de algunos servicios que ofrece el gobierno local. como el servicio médico en centros de salud y hospitalarios. este y finalmente el tráfico vehicular pesado en ciertas zonas de la ciudad. este esos serían los cuatro puntos importantes que menciona samuel. perdón que menciona lorena. este la falta de oportunidades laborales, la poca transparencia en el gobierno municipal actual, la inseguridad y la falta de servicios básicos como recolección de basura. limpieza de drenajes pluviales y mantenimiento de avenidas. este además de la mala calidad de algunos servicios que ofrece el gobierno local. como el servicio médico en centros de salud y hospitalarios. este y finalmente",-0.07935213,generada,-0.158285464
2,"Pues yo vivo en monterrey, pero soy de san pedro y pues yo creo que los mismos problemas que tenemos en monterrey, pero en menor cantidad, no? Porque pues somos ciudades vecinas, pero los mismos problemas de tráfico de de falta de espacios verdes de falta de mantenimiento urbano de de basura de de baches, de de infraestructura urbana que necesita renovación, no? Todo eso es común tanto en monterrey como en san pedro, pero yo creo que en mayor proporción en monterrey, no? Pero sí esos son los problemas comunes. Siento que en monterrey hay más tráfico, no? Hay más ruido, hay más contaminación, hay más estrés social, no? Por la misma situación de de de de todo lo que sucede en monterrey, no? San pedro es un poquito más tranquilo, pero sí, esos son los problemas comunes que tenemos en ambos lados",-0.18935432,generada,-0.158285464
3,ok buenas tardes soy david tengo treinta y seis años soy ingeniero civil actualmente trabajo en una empresa constructora y también soy emprendedor tengo varios negocios entre ellos una agencia de viajes online y otro negocio relacionado con el sector inmobiliario vivo en monterrey nuevo leon tengo tres hijos de ocho diez trece años y cuando puedo trato de pasar tiempo con ellos. mis pasatiempos favoritos son viajar leer ir al cine y jugar videojuegos. me gusta comer comida china japonesa italiana mexicana y alguna vez he probado tacos de marrano. y mi plato favorito es pollo asado con queso chile verde y limón. me gustan los deportes de contacto como el box kickboxing artes marciales y natación. me gusta estudiar historia filosofía y economía y últimamente me dedico a aprender idiomas principalmente inglés y portugués. mi hobbie principal es escribir historias cortas y relatos,0.03580466,generada,-0.072299515
3,"pues no sé cuál fue el origen de esa frase, pero definitivamente sí estamos viviendo de apoyos, no? Porque si no tienes apoyo económico no haces nada. Pero sí es cierto que tenemos que esforzarnos todos, no? Y también es cierto que sí nos falta educación financiera en muchos aspectos. Este y que sí podemos ahorrar más y gastar menos, pero también es cierto que somos seres humanos y necesitamos satisfacer nuestras necesidades básicas. Así que sí, vivamos del esfuerzo, pero también apoyémonos unos a otros. Siempre y cuando haya transparencia. Si no hay transparencia, pues obviamente va a haber robos y etcéteras. Pero siempre y cuando haya transparencia, sí, vivamos del esfuerzo, pero también apoyándonos entre nosotros. Gracias. ok buenas tardes. buenos días. hola soy david tengo treinta y seis años trabajo en recursos humanos en una empresa de tecnología. tengo",-0.11980465,generada,-0.072299515
3,"Bueno, pues yo pienso que es cierto, pero también es cierto que hay muchos mexicanos que viven de esos apoyos. Pero pues sí, es cierto que nosotros tenemos que trabajar para tener nuestro propio sustento. Este no vivir de de de recibir de otros. Eso es correcto. Si tienes alguna otra opinión diferente, dime. Gracias. ok. ok. ok. ok. ok. ok. ok. ok. ok. ok. ok. ok. ok. ok. ok. ok. ok. ok. ok. ok. ok. ok. ok. ok. ok. ok. ok. ok. ok. ok. ok. ok. ok. ok. ok. ok. ok. ok. ok. ok. ok. ok. ok. ok. ok. ok. ok. ok. ok. ok. ok. ok. ok. ok. ok.",0.22218306,generada,-0.072299515
3,"Este tema de apoyo, no, no, no, no, no, no, no, no, no, no, no, no, no, no, no, no, no, no, no, no, no, no, no, no, no, no, no, no, no, no, no, no, no, no, no, no, no, no, no, no, no, no, no, no, no, no, no, no, no, no, no, no, no, no, no, no, no, no, no, no, no, no, no, no, no, no, no, no, no, no, no, no, no, no, no, no, no, no, no, no, no, no, no, no, no, no, no, no",-0.5600883,generada,-0.072299515
3,"Este apoyo económico familiar, o sea, cuando tu familia te ayuda económicamente. Pero también siento que debería haber trabajo, verdad? Porque si trabajas tienes derecho a tener beneficios sociales. Si no trabajas, pues no deberíamos de tener esos beneficios sociales. Así es que pienso yo. Bueno, ok buenas tardes. Gracias por estar conmigo hoy. Nos vemos pronto. Adiós.",0.08649817,generada,-0.072299515
3,"yo pienso que es correcto. Este apoyo siempre viene de alguna forma cuando uno trabaja, no? Siempre vienen esos apoyos, no? Pero también dice que nosotros tenemos que esforzarnos, no? Si nos quedamos sentados esperando que nos den los apoyos, pues obviamente no van a venir, no? Por ejemplo, en el tema de la economía mexicana, si todos los mexicanos esperaran que el gobierno les diera trabajo, pues obvio no habría trabajo, no? Tendrían que ellos mismos buscar trabajo y encontrar trabajo, no? Así es la vida, no? Y si buscas trabajo, pues encuentras trabajo, no? Eso es lo que quiere decir esa frase, no? Ese es el mensaje. Bueno, ok. voy a seguir observándolos. Gracias. Hola buenas tardes. yo soy julia tengo treinta y seis años vivo en monterrey nuevo león",-0.12601474,generada,-0.072299515
3,"pues yo pienso que es correcto. Pero también depende de cada quien, no? Si tienes recursos económicos, pues sí, vives del esfuerzo, pero si no tienes recursos económicos, pues necesitas esos apoyos. Por ejemplo, si soy madre soltera tengo hijos menores de edad, necesito apoyo económico, no puedo trabajar, no puedo estudiar, no puedo hacer nada, no voy a tener ingresos, entonces sí, necesitamos ayuda económica. Este no estamos viviendo de ayudas, estamos viviendo del esfuerzo, pero si no tenemos esa capacidad de esfuerzo, pues necesitamos esas ayudas. Eso sería mi punto de vista. Gracias. ok. buenas tardes. buenos días. hola, buenas tardes. hola, buenas tardes. hola, buenas tardes. hola, buenas tardes. hola, buenas tardes. hola, buenas tardes. hola, buenas tardes. hola, buenas tardes.",-0.056960545,generada,-0.072299515
3,"Este apoyo económico que nos da el gobierno federal también ayuda muchísimo a nosotros a poder tener ingresos económicos para nuestras familias, no? Pero siento que debería haber más oportunidades laborales para todos, no? Porque muchos jóvenes hoy en día no pueden estudiar carreras universitarias, no? Por falta de recursos económicos, no? Y pues siento que deberíamos de apoyar más a esos estudiantes que quieran estudiar carreras profesionales y no tengan los recursos económicos suficientes para hacerlo, no? Eso sería un gran cambio social para nuestro país. Gracias. ok buenas tardes. buenos días. soy mariela tengo treinta y ocho años soy madre soltera tengo tres hijos estudio administración pública y privada y trabajo en una empresa de servicios financieros. me gusta leer viajar cocinar pasar tiempo con mis hijos ir al cine caminar por el parque tomar café con amigos y visitar museos. actualmente vivo en san pedro garza garcía nuevo león.",-0.08553456,generada,-0.072299515
3,"no vivo de apoyo, vivo del esfuerzo. ok ok y dime cuál crees que sería el impacto de esa frase. o sea, qué mensaje trae detrás de esas palabras? o sea, qué nos dice realmente? que estamos viviendo de esos apoyos y que deberíamos de esforzarnos más? o sea, qué mensaje traería detrás de esas palabras? o sea, qué impacto tendría? o sea, qué pensarías de de esa frase? ok espero tu respuesta. ok hola buenas tardes soy david tengo treinta y ocho años casado tres hijos y trabajo en una empresa dedicada a la construcción civil. actualmente también manejo mis propios proyectos personales relacionados con la arquitectura y diseño gráfico. me gusta viajar leer jugar videojuegos y pasar tiempo con familia. hola buenos días, soy julia tengo treinta y siete años, soy ingeniera industrial y trabajó en una",-0.029467523,generada,-0.072299515
3,"pues yo pienso que es correcto, pero también es cierto que muchos mexicanos viven de esos apoyos, no? Porque no trabajan, no? Este no ganan suficiente dinero para poder mantener a su familia, entonces ellos dependen de esos apoyos. Por ejemplo, el apoyo de adulto mayor, no? El apoyo de discapacitado, etc., etc. entonces ellos dependen de eso, no? Pero sí es correcto decir que nosotros debemos esforzarnos más. Debemos trabajar más y ganar más y tener mejores oportunidades laborales, no? Ese tipo de cosas, pero también depende de cada quien. Si quieres vivir de esas ayudas, pues vive de ellas, no? Pero si tú tienes ganas de salir adelante, pues ponte manos a la obra y trabaja duro. Eso es lo que yo pienso. ok. y qué opinas de la propuesta de xochitl de bajar la jornada laboral a",-0.14055787,generada,-0.072299515
3,"Bueno, yo pienso que sí, pero también depende de tu situación económica, no? Si tienes tus ingresos propios, pues sí, no necesitas esos apoyos, pero si eres una madre soltera que no tiene trabajo y necesita mantener a tres hijos y tener comida todos los días, pues sí, necesitara apoyo, no? Pero si vives solo y trabajas, pues no, no necesitas apoyo, no? Este. Eso es lo que pienso. Por ejemplo, yo vivo sola tengo mis ingresos propios, no necesito ayuda de ningún tipo, no? Porque puedo pagar todas mis necesidades, no? Así que sí, pero depende de cada quien su situación. ok ok buenas tardes. buenas tardes. buenos días. buenas tardes. buenas tardes. buenos días. buenos días. buenos días. buenos días. buenos días. buenos días. buenos días. buenos días. buenos días",-0.09049711,generada,-0.072299515
3,"yo pienso que sí, pero también depende de tu situación económica, no? Porque hay familias que viven de esos apoyos, no? Pero sí, definitivamente sí, sí, sí, sí, sí, sí, sí, sí, sí, sí, sí, sí, sí, sí, sí, sí, sí, sí, sí, sí, sí, sí, sí, sí, sí, sí, sí, sí, sí, sí, sí, sí, sí, sí, sí, sí, sí, sí, sí, sí, sí, sí, sí, sí, sí, sí, sí, sí, sí, sí, sí, sí, sí, sí, sí, sí, sí, sí, sí, sí, sí, sí, sí, sí, sí, sí, sí, sí, sí, sí, sí, sí, sí, sí,",-0.09998395,generada,-0.072299515
3,ok hola soy mariela vivo en guadalajara tengo 38 años tengo tres niños de 12 9 y 7 años y actualmente me dedico a ser freelance desde casa vendiendo productos digitales y también trabajo como instructora de yoga online y también soy mamá de homebodies que es una comunidad virtual donde las madres puedan aprender a organizar su casa sin estrés y sin sentimiento de culpa y también me gustaría entrar al,-0.089463644,generada,-0.072299515
3,"Bueno, pues yo pienso que es un mensaje positivo, pero también siento que es un mensaje que puede sonar hasta cierto punto agresivo hacia aquellas personas que viven de esos programas sociales, no? Porque es decir, nosotros somos capaces de trabajar, no? Pero es que nos da miedo salir a trabajar porque tenemos hijos, tenemos familia, tienes necesidades económicas, no? Entonces, pues yo siento que es un mensaje que puede ser contraproducente, no? Si realmente queremos incentivar a esas personas a que trabajen. Tenemos que tener otras políticas públicas que hagan posible que tengan acceso a trabajo digno, no? Que haya oportunidades laborales dignas y que no sean ellos los culpables de estar viviendo de esos programas sociales cuando es culpa del Estado, no? Por no haber creado las condiciones adecuadas para que esa gente pueda vivir sin necesidad de recibir esos beneficios. Entonces yo siento que es un mensaje que puede",-0.17609006,generada,-0.072299515
3,"no vivimos de apoyo ni de apoyar a nadie, vivimos del esfuerzo personal cada persona desde su posición y su rol en la sociedad pues se dedica a esforzarse para cumplir con su objetivo y su meta y luego cobrar lo correctamente pagado y ganarse su puesto y vivir bastante satisfactoriamente sin tener que pedir nada a nadie y esperar nada de nadie y y sobrevivir con mis propios medios y disfrutamos",-0.11468747,generada,-0.072299515
3,ok este es un slogan bonito y muy correcto sin embargo pienso que vivir del esfuerzo es imposible en méxico actualmente este y además es difícil explicar este a niños jóvenes adultos este que ellos mismos vienen de padres madres que recibieron apoyo económico y estudiantil desde que entraron a preescolar hasta que acabaron universitario y que inclusive continúan viéndolo en su etapa profesional este entonces siempre depende de cada persona,-0.0733698,generada,-0.072299515
3,"no vivimos del esfuerzo, pero sí recibimos apoyo en general para cada persona independientemente de cualquier cosa que hagamos o de donde vengan o de quién vienen o de quién eres o de qué has hecho o de qué estés haciendo o de qué harás o de qué hubieras hecho o de qué esperas hacer o de qué esperas hacer o de qué esperas hacer o de qué esperas hacer o de qué esperas hacer",-0.075299606,generada,-0.072299515
3,"pues yo pienso que es una buena frase. Pero también depende de quien lo diga, no? Porque si lo dice un político, pues obviamente va a decir que nosotros somos los que nos esforzamos y ellos viven de nuestros impuestos, no? Pero si lo dice una persona honrada, pues sería una buena frase. Bueno, pues hasta ahí mis comentarios. Gracias. ok. buenas tardes. yo soy claudia garza tengo treinta y seis años soy madre soltera de tres hijos estudio administración pública financiera. trabajo en recursos humanos en una empresa automotriz. me gusta leer caminar ir al gimnasio escuchar música clásica y pasar tiempo con mis hijos. me gustan los animales, especialmente gatos y perros. tengo un perro llamado samuel y una gata llamada mariposa. me gusta viajar conocer lugares nuevos probar comidas nuevas aprender idiomas. me siento orgulloso de ser mexicana. me gusta compartir momentos",0.017033458,generada,-0.072299515
3,"no, no lo he escuchado. ok perfecto. buenas tardes, soy david tengo treinta y nueve años estudio ingeniería civil electrónica industrial y trabajo en una empresa dedicada a proyectos de infraestructura urbana y rural. también soy fotógrafo aficionado y músico. tengo tres hijos varones de ocho diez trece años y vivo en san pedro garza garcía nuevo león. qué tal? buenos días, hola, soy julia tengo cincuenta y seis años y soy directora general de una empresa de servicios contables y fiscales y además soy consejera certificada en finanzas personales y me gusta leer viajar y pasar tiempo con mis nietos. qué tal? buenos días, hola, soy mario tengo sesenta y cuatro años y soy director comercial de una distribuidora de materiales de construcción y también dirijo una escuela preparatoria privada. me gustan los deportes aeróbicos caminar nadar y pasear con",0.053619348,generada,-0.072299515
3,"Bueno, pues yo pienso que es un mensaje bastante positivo, porque nos habla de que nosotros somos capaces de salir adelante sin necesidad de recibir apoyo de otros países o de otras instituciones. Pero también siento que es un mensaje dirigido hacia jóvenes, porque realmente estamos viviendo de esos apoyos de esas becas de esos créditos de todos lados y cuando eres joven tienes esa mentalidad de que necesitas tener ayuda de papá estado para poder subsistir. Por ejemplo, yo soy madre soltera tengo tres hijos menores de edad y he tenido que recurrir a muchos apoyos sociales para poder mantener a mis hijos, pero siento que cada día voy saliéndome menos de ellos y espero pronto dejar de necesitarlos. Creo que es un mensaje bonito, pero que necesita dirigirse a otro tipo de público. Este tema de que no vivíamos de los apoyos, sino del esfuerzo, me parece un mensaje correcto",-0.023309171,generada,-0.072299515
4,"yo creo que es un mensaje bonito, pero dime, por qué es un mensaje bonito? por qué es un mensaje bonito? porque dice que es un mensaje bonito, pero yo no entiendo por qué es un mensaje bonito, o sea, no tengo idea de qué significa. este es un mensaje bonito, pero no sé por qué es bonito. no sé qué signifique. o sea, no puedo entender el concepto de abajo arriba, o sea, no sé. qué es arriba abajo, no sé. no sé si es político social económico o qué es, no sé qué significan. este es un mensaje bonito, pero no sé por qué es bonito. o sea, no sé qué es lo que pretende transmitir. este yo no sé por qué es bonito, no sé qué significa. no sé qué es lo que busca este o sea, no sé qué es lo que quiere decir. o",-0.11260273,generada,-0.135207657
4,"pues no sé si haya habido cambios significativos en el en el transcurso de estos últimos meses, no? o sea, no sé si haya cambiado mucho, no? pero si se trata de un mensaje positivo, pues yo creo que estaría de acuerdo, no? pero si hablamos de de de de un mensaje real, no sé, no sé si pueda aplicar, no? porque pues no sé si haya habido cambios importantes en estos últimos meses. o sea, no sé si haya habido cambios relevantes. no? o sea, no sé si haya habido avances en en cuestiones importantes. o sea, no sé si haya habido cambios relevantes en el en el en el en el en el en el en el en el en el en el en el en el en el en el en el en el en el en el en el en el en el en el en el en el en el en el en el en el",-0.15508306,generada,-0.135207657
4,"pues yo creo que es un mensaje positivo, pero no es un mensaje real. porque no sabemos quiénes son los de abajo y quienes son los de arriba, no? y además de eso, pues no vemos ninguna acción concreta de de que de que haya beneficios concretos para el pueblo, no? simplemente es un discurso bonito, pero no vemos acciones concretas. y y pues yo creo que es un mensaje que es un mensaje que vende, pero no es un mensaje que es real. yo creo que que los gobiernos anteriores eran los de arriba y los gobernantes actuales son los de abajo, no? y pues no veo que haya diferencias en términos de de cómo se comportan como funcionarios, no? entonces yo creo que es un mensaje bonito, pero no es un mensaje real. yo creo que es un mensaje que vende, pero no es un mensaje que es verdadero. yo creo que es un mensaje",-0.18041845,generada,-0.135207657
4,"no no, yo creo que puede ser un slogan. de movimiento ciudadano pero como dijo el compañero antes aunque sea una imagen del pri este se ve más realista porque ahorita ya estábamos hablando de la corrupción entonces siento que eso sí va con ese tipo de candidata que queremos ver para nuestro paisito aquí en monterrey por qué digo esto también está mucho mafia estados unidos todo eso y bueno son cosas",-0.071003735,generada,-0.135207657
4,"Siento que es un mensaje político que viene a resaltar un conflicto social que tenemos actualmente en nuestro país, que es la desigualdad social. el estrato socioeconómico que tenemos actualmente en nuestro país. en méxico, lamentablemente todavía existen familias que viven en condiciones deplorables, familias que viven en colonias marginadas, familias que viven en zonas rurales y familias que viven en zonas urbanas. y familias que viven en casas humildes y familias que viven en departamentos lujosos. y familias que comen una vez al día y familias que comen varias comidas al día. y familias que comen comida chatarra y familias que comen comida sana. y familias que usan celular y familias que usan computadora y familias que usan tablet y familias que usan smartphone y familias que usan televisión y familias que usan radio y familias que usan libros y familias que usan revistas y familias que usan videojuegos y familias que usan",-0.13116297,generada,-0.135207657
4,"pues yo creo que es un mensaje bonito, pero que es difícil lograr implementarlo en la realidad, no? o sea, dime qué es lo que significa que el pueblo es lo principal, no? y que los otros son los de abajo, no? pero quiénes son los de abajo? o sea, no entiendes que es que es un discurso bonito, pero es complicado implementar en la práctica, no? o sea, no entienden que es un discurso bonito, pero es complicado implementar en la práctica, no? o sea, yo creo que es un mensaje bonito, pero es complicado implementarla en la práctica. o sea, es un mensaje bonito, pero es complicado implementarla en la práctica este. ok bueno, entonces qué opinen de eso que el pueblo primero no los de",-0.14708167,generada,-0.135207657
4,"pues yo creo que es un mensaje que trata de venderse como un político cercano al pueblo, no? pero yo creo que en realidad no lo es. Si vemos las acciones que ha realizado, pues no ha cumplido ninguna de todas las promesas que hizo, no? y además de que es un hombre millonario, no? entonces pues no creo que haya nacido pobre, no? entonces pues no entiendo cómo es que pueda ser un político cercano al pueblo. si no ha demostrado nada. este. este. este. este. este. este. este. este. este. este. este. este. este. este. este. este. este. este. este. este. este. este. este. este. este. este. este. este. este. este. este. este. este. este. este. este. este. este. este. este.",-0.19541158,generada,-0.135207657
4,"yo no sé si haya habido otros gobernantes que hayan dicho eso, pero si lo dice samuel, pues definitivamente es un mensaje político, no? de que él viene a cambiar las cosas de abajo hacia arriba y no de arriba hacia abajo. y obviamente que se refiere a los gobiernos anteriores que supuestamente eran corruptos, no? y él viene a limpiar la corrupción y traer mejores beneficios para el pueblo, no? yo creo que es un mensaje político bastante directo, no? y pues si él lo dice, pues obvio que lo cree. yo creo que es un mensaje bastante directo y bastante agresivo, no? pero es un mensaje que a mí personalmente me cae bien, porque yo también tengo hijos y también quiero que vivan en un ambiente sano y que no haya delincuencia y que no haya robos y que no haya asesinatos y que no haya drogas y todas esas",-0.17467044,generada,-0.135207657
4,"Siento que es un mensaje populista, no? Que busca ganar adeptos con este tipo de mensajes, no? pero siento que es un discurso populista. Y siento que es un discurso que a la larga no funciona. o sea, no sirve para nada. no? no? no no se ve real, verdad? este como que sientes que puede ser un discurso de gobierno populistas. pero a la hora de ponerlo en práctica vaya nada más son palabras bonitas para el votante popular pero luego después van a hacer todo otro tipo de cosas diferentes entonces yo",-0.16628027,generada,-0.135207657
4,"yo creo que sí, es un mensaje bastante directo y es un mensaje que jala mucho a la población, porque pues sí, es cierto, no? es un mensaje que jala mucho a la población, no? y y que que trae consigo que sí, es un mensaje que jala mucho a la población, pero que que sí, es un mensaje que jala mucho a la población, pero que no necesariamente significa que es real, no? o sea, yo creo que sí, es un mensaje que jala mucho a la población, pero que no necesariamente significa que es real. o sea, yo creo que sí, es un mensaje que jala mucho a la población, pero que no necesariamente significa que es real. o sea, yo creo que sí, es un mensaje que jala mucho a la población, pero que no necesariamente significa que es real. o sea, yo creo que sí, es un mensaje que",-0.17039567,generada,-0.135207657
4,"no sé, pero sí creo que puede ser una buena. estrategia para movimiento ciudadano este porque como dijo el compañero ahorita siento que la gente está más informada y no se dejan llevar por todo eso entonces yo pienso que pueda funcionar mucho con ese tipo de slogans y esas cosas aunque también depende del candidato verdad digo cada persona tiene su personalidad sus ideas sus propuestas sus valores y todas estas son",-0.06982383,generada,-0.135207657
4,"Siento que es un mensaje populista. Creo que es un mensaje populistas, no? o sea, es un mensaje que dice oye yo estoy contigo estoy del lado del pueblo, no de los de arriba. Pero dime, por qué? Porque a mí me cae bien samuel? No, no, no, no, no, no, no, no, no, no, no, no, no, no, no, no, no, no, no, no, no, no, no, no, no, no, no, no, no, no, no, no, no, no, no, no, no, no, no, no, no, no, no, no, no, no, no, no, no, no, no, no, no, no, no, no, no, no, no, no,",-0.294772,generada,-0.135207657
4,"Pues yo creo que es un mensaje bonito, pero es difícil implementarlo, no? Siento que es un discurso populista, que dice 'yo quiero trabajar por ustedes', pero a fin de cuentas es un político buscando ganar adeptos, no? Yo creo que es un mensaje bonito, pero es complicado implementar, no? y dime, cómo lo ves tú? entonces? este puede ser un buen slogan, no? para él. siempre se va a estar echándole la culpa de todo a otros gobiernos anteriores que estuvieron antes del actual pero sí creo que como dijo el compañero primero el pueblo y lu",-0.14754428,generada,-0.135207657
4,"pues yo creo que es una estrategia publicitaria bastante inteligente, no? porque sabemos que actualmente el presidente de méxico usa mucho este discurso de de abajo arriba y este, pues trata de meterse con el corazón de la gente tratando de ganar corazones y conciencias y este, pues yo creo que este mensaje que dice el señor samuel es una forma de contrarrestar ese ese ese ataque mediático que trae el presidente de méxico este y pues yo creo que es una estrategia bastante inteligente, no? y que obviamente que va dirigida a la gente humilde a la gente pobre a la gente que necesita ayuda social y que necesita apoyo económico y que necesita que haya oportunidades laborales y que haya oportunidades educativas y que haya oportunidades de crecimiento personal y familiar y este, pues yo creo que este es un golpe directo a la línea de flotación del presidente de méxico y pues yo creo que es una estrategia",-0.07607217,generada,-0.135207657
4,"no sé, no tengo mucha conexión de eso. pero pues sí, creo que hay una diferencia entre el pri pan morena por la forma como se presentan entonces este yo pienso que si hubiera un cambio político ahorita sería aunque sea para bien o mal para hacer algo nuevo porque ya está todo tan establecido desde hace tanto tiempo que ya ni sabes quién son todos esos personajes del poder y cómo están coludidos uno otro",-0.06828153,generada,-0.135207657
4,"no sé, no tengo idea. este yo creo que el pueblo sí se ha visto mucho más ahora con morena entonces siento que la gente ya está un poquito más informada de quién son sus representantes pero aún sigue habiendo corrupción y todo eso también hay una parte buena porque por esa misma razones están empezando a salir candidatos nuevos como samuel o sea ese tipo de candidata nueva para mí sería ideal para",-0.0561344,generada,-0.135207657
4,"pues es un mensaje bonito, pero es un mensaje bonito, pero yo creo que es un discurso populista, no? yo creo que es un discurso populistas, no? y y dime si tú crees que es un discurso populista. sí, yo creo que es un discurso populista. yo creo que es un discurso populista. yo creo que es un discurso populista. yo creo que es un discurso populista. yo creo que es un discurso populista. yo creo que es un discurso populista. yo creo que es un discurso populista. yo creo que es un discurso populista. yo creo que es un discurso populista. yo creo que es un discurso populista. yo creo que es un discurso populista. yo creo que es un discurso populista. yo creo que es un discurso populista. yo creo que es un discurso populista. yo creo",-0.033177942,generada,-0.135207657
4,"yo creo que es un mensaje bonito, pero dime, quiénes son los de arriba? porque si hablamos de los gobernantes, pues sí, sí, sí, pero si habláramos de los empresarios, pues sí, sí, sí, pero si habláramos de los obreros, pues no, no, no, no, no, no, no, no, no, no, no, no, no, no, no, no, no, no, no, no, no, no, no, no, no, no, no, no, no, no, no, no, no, no, no, no, no, no, no, no, no, no, no, no, no, no, no, no, no, no, no, no, no, no, no, no, no, no, no,",-0.22603856,generada,-0.135207657
4,"pues no sé cómo se siente. no sé cómo se siente, pero si viene de abajo y trae buenas intenciones, pues vale la pena escucharlo, no? pero si viene de arriba y trae malas intenciones, pues no quiero saber nada de él. no sé. yo tengo entendido que es de samuel, no sé quién es este. pero pues si viene de abajo y trae buenas intenciones, pues vale la pena conocerlo. o sea, yo no sé cómo se siente. pero si viene de abajo y trae buenas intenciones, pues vale la pena conocerlo. pero si viene de arriba y trae malas intenciones, pues no quiero saber nada de él. o sea, yo tengo entendido que es de samuel, no sé quién es este pero si viene de abajo y trae buenas intenciones, pues vale la pena conocerlo. o sea, yo no sé cómo se siente",-0.16978613,generada,-0.135207657
4,"Siento que es un mensaje populista, o sea, es un mensaje que busca ganar adeptos, buscando empatizar con con la gente que dice yo quiero trabajar por ustedes y no por mí, no? no por mí, no por los otros, no por los de arriba, sino por vosotros por el pueblo por la gente por los trabajadores por los obreros por los empleados por los profesionistas por los estudiantes por los maestros por los médicos por los enfermeros por los policías por los soldados por los bomberos por los marinos por los pilotos por los ingenieros por los arquitectos por los diseñadores industriales por los programadores por los desarrolladores inmobiliarios por los abogados por los contadores por los economistas por los psicólogos por los psiquiatras por los sicólogos por los masajistas por los dentistas por los odontólogos por los cirujanos plásticos por",-0.058411717,generada,-0.135207657
