Number,respuesta,sentimiento,tipo,avg_sentimiento,,
1,"Pues yo Bueno yo tenía una ideología casi parecida a la de amlo porque es aparte de que son del mismo partido. Pues dije Pues a lo mejor sí va a generar como que los mismos proyectos. Y pues las los mismos más que nada como que apoyos, o sea, te imaginas como que lo mismo. Pues yo le veía como una persona Sí con un liderazgo, pues alto, pero siento que era buena idea que fuera presidenta porque pues iba a ser la primera mujer ser presidenta aquí en México entonces, pues yo pensaba que iba a generar los mismos proyectos que el presidente que iba a generar las mismas ayudas de hecho anteriormente, pues ella se enfocaba mucho en los Pues en Iztapalapa más que nada con esta Clara pero pues realmente solamente esos así le veía como buena candidata como para ser presidenta.Pues realmente, Ajá realmente Andrés Manuel lanzó, muchas ayudas adultos mayores a madres solteras a estudiantes Y es que estuve eso de los ninis o cosas así. Yo siento que ella está siguiendo como que el mismo patrón pero porque ya O sea ya es Ya está aterrizado, ya está hecho. Y pues yo realmente dije, pues con las ayudas Pues sí de hecho generó varias actividades en el Zócalo para para conciertos y cosas así O sea como para quedarse ganar. a la sociedad Por así decirlo mantenía pues Realizaba mantenimientos en el metro de hecho como que ella estuvo más presente en ciertos problemas, por ejemplo cuando se cayó el metro. Haciendo que ya he estado más este presente en esa cuestión, o sea, como, que es una persona como que no tan es una persona humilde. Pero porque realmente cuando por la vestimenta y por como ha ido a pueblos o cosas así a visitarlos O sea no sea no se ha visto como una persona pues Como te digo. Que diga, ay, no, yo no me para ahí, o sea, yo mando a mi gente, no O sea si hasta eso sí he estado presente como que en ciertas ocasiones. Y pues de los apoyos Pues los ha seguido manteniendo, o sea, prácticamente, pero hay cosas que ya no después de ser presenta ya no como que ya no fue lo mismo.",-0.030741408,real,-0.070763461,,
1,"pues me parecía buena opción sin embargo también como que me causaba un algo como que, o sea sí, me impresionaba que dice Wow Si ella termina como presidente va a ser la primera mujer y todo eso y tiene muy buenas propuestas y todo eso, pero también el hecho que decían Como de que habían muchas cosas como que no estaban tan padres decidiera como un Sí me parece bien, pero también no sé, yo la veía, pasa esto que yo la veía muy muy inteligente A mi parecer. Que fácilmente no sé, podría manipular o algo así, entonces yo decía como de es muy buena se escucha muy buena. Pero estaba como de un punto medio como de sí, no? Sí voté y estaba como la verdad es que sí me gustó mucho trabajo porque Pues básicamente fue mi primera votación entonces yo dije como Ay no sentí como un peso muy responsable así poder Ay no sé como que me sentí muy muy como estresada porque dije es algo muy importante y todo no Entonces yo estaba entre dos y pues sí terminé botando por por Claudia",-0.085993052,real,-0.070763461,,
1,"Este, pues creo que entre los tres postulados que había para la presidencia, la verdad, pues soy estudiante. Hago, hago ciencia con conciencia y con conciencia, hago ciencia, entonces la persona más preparada para mí en ese entonces era Claudia sheinbaum, Claudia sheinbaum, tiene tiene doctorado es de la UNAM es ingeniera. Era una persona muy preparada que tiene artículos de investigación científica. Está Pues inscrita, en el Sistema Nacional de investigadores O sea no no es cualquier persona no es cualquier persona. Sabíamos que era una persona muy preparada una persona muy grande, la verdad, la cual no tiene por qué lidiar con con opiniones muy tontas de la gente ignorante, la verdad de los que opinan mal sin saber ni Qué sigue después de la licenciatura. Ese tipo de gente tan ignorante no puedes tomar una crítica así, entonces yo pensaba muy muy bien de ella. Yo sabía que si llegaba la presidencia había decisiones que no las iba a tomar ella porque el gobierno te orilla a tomar ciertas decisiones. Entonces, pues tiene que también entrarle al aro, es también en su en su cordura en su persona iban a caer mucha responsabilidades, Yo sabía que las iba a confrontar de la mejor manera y pues eso es un poquito el panorama que yo tenía sobre sobre",-0.10341984,real,-0.070763461,,
1,"Pues la verdad es que mis Pues mis este pensamientos hacia ella siempre han sido positivos desde justo que estaba en la propuesta de presidencia de Presidencia Perdón este creo que se me hizo que tenía buena. Buenos puntos para ganarla este aparte, pues que era una persona bueno, que es una persona estudiada. Creo que eso le daba mucho al punto de que justo era a ti como de Pues no te no vamos a tener un cómo se llama Pues otro presidente, no sé corrupto que no sepa ni expresarse como lo fue en su tiempo Enrique Peña Nieto creo que me siento orgulloso de que nos pueda representar como país y pues que haya sido la primera presidenta de México me tenía buenas expectativas Siempre han sido buenas, la verdad.",-0.062899545,real,-0.070763461,,
,,0,real,,,
2,"En mi lo Pues bueno, bueno, Te voy a contar un tema ahorita que se ha estado viendo mucho. Ahorita Bueno por aquí por donde vivo han habido muchos socavones O sea a mí la verdad se me hace como que algo raro. Porque hace tres semanas. Apareció un socavón acá adelantito No ya y después de tres días o otro y ahorita apenas otro también porque se supuestamente. Bueno no más no Supuestamente más bien, pues aquí anteriormente era lago todo lo que era Iztapalapa por Xochimilco y todo eso Entonces pues ya con el tiempo pues lo fue cubriendo la ciudad entonces, pues Supuestamente abajo es pura agua. Y De igual forma, Pues yo creo que por eso también se están haciendo como que esos socavones es un problema, que Pues apenas Está realizando, por qué quién sabe? Yo creo que por lo mismo que porque abajo es pura pura agua. Bueno, de aquí de de donde vivo bueno de mis calles todo eso donde yo recurro sí por por el tráfico. O sea, y más que nada porque hay gente que ya se ha accidentado ahí, o sea se ha metido y que en ese socavones o todo o cosas así o al momento de pasar se hunde Y pues la otra vez hasta había una ambulancia y tardaron tardaron todavía estuvieron horas con este lo que atendían a las personas y en lo que lo tapaba nuevamente No pues yo creo que fácil se echaban como seis horas y como es una Avenida de sentido contrario, No pues había un tráfico terrible. Pues yo creo que el transporte Anteriormente De hecho aquí por donde vivo está la línea doce. Que es la que se cayó. Entonces no siempre fue un terrible desastre entra tráfico y todo eso Entonces yo creo que a todos a todos nos afectaba incluyéndome a mí porque yo antes trabajaba en una empresa allá por Tlalpan no y era, por ejemplo, si normalmente yo me hacía una hora 40 minutos no eran dos horas y media. Y todavía se está generando como que ese problema porque pues como tal el metro, Yo siento que ya no quedo bien. Entonces yo he visto que siempre en las noches normalmente como que hay máquinas, no sé qué tanto le hacen al metro Pero hay como que máquinas este checándolo. De qué quién sabe o igual se No sé siempre en periférico se atora mucho el tráfico igual lo que es luego el alumbrado lo ponen pero pues realmente como aquí se pone un Tianguis este, pues al final de cuenta con el tiempo se van. Como que o sea no le dan mantenimiento a lo que es esa a las lámparas o cosas así. Por la misma situación de que los maltratan ya con el tiempo no dura.",-0.155684054,real,-0.099033229,,
2,"Los problemas como más comunes puedo decir que ahorita por las lluvias las inundaciones en transporte de hecho apenas creo que hubo como un socavón en una de las calles cerca de aquí que impidió demasiado, o sea, el Sí el tránsito de carros y no se podía ni Pasar caminando también, pues obviamente los asaltos y todo eso como que se hace muy común que aquí pues no sé que vengan a tirar cuerpos. Está muy feo, entonces como ese tipo de cosas. No, Sí yo creo diría lo mismo creo que es como la preocupación más de mi mamá, el hecho de que yo salga y todo eso y que me voy a pasar algo o que me vayan a hacer algo o así, entonces sí, porque aquí como que pues sí, hay feminicidio y todo eso aquí que o que te roban por el simplemente ha hecho de ser mujer cosas así. yo creo que sí, el la violencia en cuestión sería el primero porque sí es muy Es muy feo, simplemente salir a la calle o que te estén gritando o que te estén haciendo cosas Pues sí y creo que la violencia es ya el segundo creo que también aquí se da mucho como los grupos de cobradores. y todo eso creo que tengo entendido que son como colombianos, la verdad, no sé sé que vienen mucho como en moto y todo eso como a las tiendas y todo eso yo no tengo, o sea, yo no tengo como tal un local, pero sí, ciertamente Sí he coincido con ellos porque pues obviamente Roman mucho Aquí Entonces el hecho de que te estén cobrando, simplemente por por básicamente comprar cosas así, pues está muy feo también Creo que el el tercero sería eso que Pues obviamente creo que el mantenimiento de las calles que o están muy sucias o o que pues simplemente el socavón, las lluvias que se inunda todo y todo eso. Creo que así lo enumeraría.",-0.061281651,real,-0.099033229,,
2,"Pues bueno, pues creo que pues una de esas es inseguridad. Ya me supongo que pues bueno en seguridad es algo que está en todos lados. Esa es una contaminación contaminaciones. Otra luego dejan basura en la calle, hay un mercado al cual aquí por mi casa. El cual no se le da este, pues sí, no, no se mantiene limpio ni nada. Luego tienen que dejar la basura afuera del mercado en la calle y pasar ahí ver la calle completa, llena de basura, o sea, ese es otro tema. Qué otra cosa puede ser? hí se se escriben en cualquier situación y pues se ha llegado a comentar de que algún asalto algún Este sí, algún robo a mano armada. Este cositas, así se han llegado a comentar también Pues en las noticias, ha salido de que no, el único no, no total en mi colonia, pero sí que en la alcaldía Miguel Hidalgo acaba de haber un robo O tal cosa entonces ese tema. El tema de la contaminación pues ya ya te lo conté y pues.",-0.120022073,real,-0.099033229,,
2,"Pues la seguridad creo que siempre ha sido el tema, ha mejorado ha ido mejorando, no me quejo pero pues como todo no este, pues son Hay muchas vecindades en donde yo vivo. Entonces, pues ya sabes, no comercialización de este sustancias indebidas o que ya te tienes que andar cuidando de este del otro porque pues ya sabe las mañas de la gente Este creo que ese es el tema Como de que me inquieta más la seguridad. Pero de ahí en fuera, pues pues creo que es algo superficial en sí, Lo las la seguridad es lo que podría inquietar más. Este me han intentado la verdad es que no gracias a Dios nunca, pero sí pues eh Pues como siempre ando así como a las vivas Pues así como ojeando y todo ese tipo de cosas, pues sí me doy cuenta que ya me vienen siguiendo entonces, pues ya mejor me tengo que pedir no sé un Uber o algo rápido para irme o meterme entre calles, qué sé yo.  pero creo que eso es como creo que ya todos nos está pasando lo del agua. Que a veces ves que la cortan o las tuberías la cierran eso, pero es como pues una vez cada tres meses cada dos meses, o sea, es un poco tedioso, pero no en seguido Entonces eso podría afectarme también un poco.",-0.059145138,real,-0.099033229,,
,,0,real,,,
3,"primero el pueblo Pues yo creo que es un eslogan bueno, Porque primero, pues está enfocando en nosotros, o sea, primero vamos a O sea, va a entender que primero nosotros que nos va a apoyar como sociedad y no los de arriba, o sea, los de arriba como las personas más influyentes Por así decirlo. Y pues los de abajo bueno, el pueblo es el que más necesita del gobierno prácticamente. Sí, está bueno.",0.047325104,real,-0.057069125,,
3,"Sí de hecho sí es nada más como que apoya al pueblo a la gente Pues sí de bajos recursos que a la gente Pues que ya tiene que de alguna forma ya tiene. Pues que básicamente Que lo primordial Pues sí, básicamente son el pueblo es la comunidad, que pues no tiene tanto. Y que pues los de arriba Pues sí quiero creer que las de arriba se refieren a las personas de pues ya con dinero con bastante, Pues sí, recursos y todo eso y no tienen tanta necesidad como de apoyos y todo eso. Quiero creer que el pueblo Pues básicamente. Son las personas que trabajan Pues sí trabajan con mucho esfuerzo trabajando humildemente que pues el pueblo. Es que el pueblo abarca muchas cosas sin embargo Creo que este eslogan quiero creer que se refiere a la gente. Pues de bajos recursos, quiero creer. Que obviamente necesitan demasiado demasiado apoyo y demasiado esfuerzo de ellos mismos. Y la gente de arriba quiero creer que son Pues sí, gente de empresas, pues ya grandes o gente que no sé gente de otros países de hecho también que Residen aquí cosas así.",-0.096549548,real,-0.057069125,,
3,"Ahí sí se ve diferente ya no generaría tanta polémica el otro creo que sí, escucha muy polémico, Pues sí le está dando la prioridad completa a escuchar al pueblo las necesidades del pueblo Entonces no estar ahí este encubriendo a los de arriba a los que toman las decisiones, sino la verdad es algo, que pues sí, suena que te dé seguridad y confianza en que van a haber mejoras para el pueblo y pues eso es lo que más importa. Genera más confianza que van a escuchar al pueblo sus necesidades y y mejorar cada una de ellas y prestarles atención, entonces la verdad a mí sí me genera confianza escuchar a un eslogan. Pues los de arriba pues son quienes toman las decisiones, no los los cargos de del gobierno y pues el pueblo, pues somos Pues todos los demás todos los que no no somos parte de de del gobierno de los que toman las decisiones todo lo demás, pues sí, toda la gente todo el pueblo que está que que tienen cómo te puedo decir, pues qué va a vivir lo que toman las decisiones de del gobierno. Pues sí el gobierno porque puede influir alguien que puede haber alguien que tenga dinero, pero si no es del gobierno y esa persona no toma las decisiones, hay personas que les va mejor que uno y ellos no tienen nada que ver que sean de arriba, ahí hay estatus, la verdad, entonces Pues sí, pues no O sea mientras yo creo que nada más somos de los del gobierno.",-0.167995885,real,-0.057069125,,
3,"Pues creo que sí tiene tiene razón y conciencia. Me me gusta como son. A conciencia Pues porque Justo eso que tocan el tema del pueblo es como de Bueno para mí este es como de Pues nosotros somos los que hablamos los que decidimos los que nos podemos alzar en en cantidad y ambos para que que sepan por dónde se tiene que ir. Ah pues el pueblo Pues todos los que pues ahora sí que bueno todo se supone que debemos de votar pero pues no sé pues así a mí yo me figuro así el pueblo como Pues literalmente pues las personas que son de de pueblos este los que somos así de colonias populares todo ese tipo de cosas Pues a lo mejor va a sonar un poco raro, pero siento que las personas que somos como clase media. Como todas esas personas somos en torno al pueblo.",-0.01105617,real,-0.057069125,,
,,0,real,,,
4,"Sí también está bueno, porque pues realmente no vamos a depender de un apoyo de que nos dé el gobierno, o sea, vivimos el esfuerzo de nosotros mismos que realizamos día con día de qué de nuestro trabajo. Pues yo creo que sí, la verdad sí, yo siento que sí pegaría porque y yo creo que la en mayoría todos estuvieran de acuerdo porque pues es como te digo ahorita, o sea, no dependemos de un apoyo que nos brinde el gobierno, sino que de nuestro propio esfuerzo.",-0.029114313,real,-0.089281887,,
4,"Me parece De hecho bastante racional y realista porque pues al final de cuentas los apoyos no, no son suficientes y sí tenemos que dar esfuerzo obviamente tenemos que es más esfuerzo que nada, No creo que los apoyos Eh pues simplemente nos mantengan o nos den la vida si nos terminen solucionando la vida al final de cuentas, pues sí se necesita bastante esfuerzo. A mí me parece bien sin embargo. Creo que las personas seguían mucho por el por los apoyos, entonces a mí a mí me parece bien. Sí sí Definitivamente sí porque sí al final de cuentas, pues no solucionaron la vida, pero sí, sí son grandes, o sea, sí, al menos es una pequeña ayuda que sí sirve. Sí, cambia Sí sí cambia porque pues sí, la gente Pues sí depende de apoyos de alguna forma ayudan O sea sí, ayudan Definitivamente sí, sí cambia. Creo que no así al final no me gusta. ",-0.107933097,real,-0.089281887,,
4,"pues No vivimos de apoyo Vivimos del esfuerzo Pues creo que es algo, lo cual estás Ya chipeado hacer en la vida, no, no podemos estar dependiendo de apoyos, es algo que con tu esfuerzo tienes que hacer un apoyo, es un Plus un apoyo es un extra si lo dan si te lo dan si te lo ganas y lo tienes excelente, te va a ayudar un poco más, pero todo siempre va a venir del esfuerzo Creo que nunca hay que esperar algo que no sé en algo no podemos estar esperanza. Ni dependientes de algo sino tenemos que con Nuestro esfuerzo salir adelante. Entonces creo que para mí está, está muy bien y en algún punto podría llegar a pensar. pues Siento que pues bueno, es que el gobierno la verdad es que da muchos apoyos, entonces como que como que quiten apoyos a cierto tipo de personas no me generaría conflicto a otra. Sí, por ejemplo, No lo sé recordar algunas clases de apoyo, No lo sé cuáles haya, pero por ejemplo a mamá solteras a adultos de la tercera edad, Yo creo que estaría bien que se les deje a otros Si pudiera decir nada que se les quite. Sí yo sentiría que está encaminada a quitar apoyos Entonces es algo que no estaría no se vería del todo bien un eslogan así para un partido político.",-0.101263016,real,-0.089281887,,
4,"Pues que la gente no tiene que ser conformista justo con los apoyos que se están dando tanto a estudiantes como a los adultos mayores. Este y pues que se sigan esforzando no, por ejemplo, pues no sé de por ejemplo los llamados ninis, no, que no, no hacía nada, no, no trabajaba, no estudiaba, pero recibían su su ayuda no siento que a eso se refiere con el esfuerzo O sea que no, no te atengas a lo que te está dando el gobierno que por sí solo tú también te puede hacer valer. Pues sí sí, porque la verdad es que mucha gente después de esos apoyos se ha hecho la concha. Entonces es que la verdad hay gente que realmente lo necesita y lo lo ocupan para un bien y hay gente que realmente no lo necesita, Por ejemplo, a mí me tocó ver Que una vecina, que la verdad es que pues te das cuenta, no les va bien en su trabajo tienen buenos carros y pues su apoyo ya lo ocupa, pues ya nada más para un lujo, o sea, digo a final de cuentas fue decisión no de de presidencia, pero esa como a lo que me refiero que el esfuerzo justo que no hagan concha.",-0.118817121,real,-0.089281887,,
,,,,,,
1,"yo la veo como una persona inteligente o intelectual no sé como que es una persona que tiene experiencia en esos temas que pueda dirigirse a la posición de la palabra y sí, yo la veo como la persona que tendría que calidad para ser la jefa de la capital y puesto literacia de el país de la zona de la plaza de la peligüe y lo me soy la letra como un asunto y el semas para el paz y",-0.102634765,generada,-0.118984238,6,"Tiene intención positiva, aunque el final es incoherente. El elogio inicial es creíble y típico del grupo."
1,pues yo siento que es una persona inteligente que puede cumplir con esos trabajos que quiere cumplir con ese puesto y puedo ver que tiene experiencia en en ese puesto en en distintos puestos como secretaria de la presidencia de la jefa de la presidencia de la prensa de la primavera de la primera de la primera de la primera de la primera de la primera de la primera de la primera de la primera de la primera,-0.08589026,generada,-0.118984238,7,"Tono afirmativo, uso de estructuras comunes en jóvenes. A pesar del ruido, refleja respeto y familiaridad."
1,yo creo que es una persona que quiere intentar salirse un poco de la zona de dejar de ser tan discreta como que ya empezó a meter la patita en la pelea y como que quiero que no se vea muy digámoslo como que no se vea muy digámoslo como que no se vea muy digámoslo como que no se vea muy digámoslo como que no se vea muy digámoslo como que no se vea muy dig,-0.16412055,generada,-0.118984238,6,"Muestra observación realista, usa lenguaje informal del grupo (""meter la patita""). Se siente natural."
1,yo la conozco a claudia sheinbaum y siento que es una persona inteligente y educada y que probablemente tendrían un voto más de ella que de dejar el voto a xóchit o a clara o a salom o a cualquier otra persona que pudiese haber puesto a la presidencia que hubiera puesto a la presidencia o a cualquier otra persona que pudiera haber puesto a la presidencia o a clara o a samuel o a cualquier otra persona,-0.10894184,generada,-0.118984238,8,Reconocimiento directo y comparación con otras candidatas. Alto realismo discursivo y emocional.
1,pues sinceramente yo diría que es una persona que no conoce absolutamente nada de economizar y pues no sé nada de ello y pues no sé nada de de ella como que es una persona que quiere salirse de la normaura y pues no sé nada de de ella como que quiere salirse de de la normatividad y pues no sé nada de de ella como que quiere salirse de de la normalidad y pues no sé nada de de ella,-0.14982113,generada,-0.118984238,4,"Aunque tiene tono espontáneo, el mensaje es negativo y contradictorio con el grupo. Baja afinidad."
1,si pudiese elegir a un candidato actual para la presidencia de méxico sinceramente diría que es una persona que está bien educada y que puede cumplir con los trabajos que tendrían que cumplir con los trabajos que se plantea la situación de hoy la situación de maneras en 2018 no sé que se está bien educada y que pueda cumplir con esos trabajos que se plantea la situación de 2018 no sé que está,-0.14216983,generada,-0.118984238,6,Estructura torpe pero fondo favorable. Elogia educación y capacidad. Alineado con el grupo aunque mal articulado.
1,si pudiese elegir a una persona de la actualidad sincerrar la mano y dejar abiertas las manos diría que es una persona que es inteligente y educada y que no tiene experiencia en puesto y que no tiene como cincotizadas y que no tiene como un currículo para postularse a la presidencia y que no tiene como experiencia para tomarlo como presidenciable y que no tiene como para tomarla y que no tiene como curro para tomársela,-0.18885627,generada,-0.118984238,3,"Mensaje confuso, mezclado y sin sentido claro. Dificulta interpretación. Poco útil."
1,yo creo que es una persona que tiene experiencia en política y que probablemente tendrían que haber salido a la universidad y sinceramente es una persona que no se conoce el texto y es una persona que no tiene relacionamiento con con la palabra de paz y la palabra de la vida y la palabra de la zona de la primera la pelo de la tercera de la última y la la sexta la la pinta y la palabra,-0.1275797,generada,-0.118984238,2,Desordenada y sin estructura clara. Se pierde en frases sin coherencia.
1,si pudiese elegirme como presidenta de méxico yo diría que tendrían que empezar a reformular a la constitución actual que tiene ahora porque si tuviera que hubiera puesto a morena en primera posición probablemente no se hubiera saludable y no se hubiera tomado una tercera posición probablemente no hubiera tomado una tercera posición probablemente hubiera tomado una tercera posición probablemente hubiera tomado una tercera posición probablemente hubiera tomado una tercera posición prob,-0.12155627,generada,-0.118984238,3,Crítica indirecta que no conecta con la pregunta. Pierde verosimilitud.
1,si hubiera seguido a claudia yo diría que es una persona inteligente y educada sinceramente yo diría que es una persona formada y intelectual y profesional y con esos cinco conocimientos que pueda aportar a la situación político y literaria la textual y peligioxa la palabra de paz y saludable y calidad de vida y elegancia de la palabra de vida y calidad de la palabra de vida y calidad de la palabra,-0.11194651,generada,-0.118984238,5,Buena intención pero pierde claridad hacia el final. Algunas frases forzadas.
1,yo creo que es una persona inteligente que es una persona educada y que tiene experiencia en esos ámbitos político y creo que es una persona que podría cumplir con sus promesas y que pudiera ser una buena alternativa a amigos de claudia y a samuel y de clara y de clara y de clara y de clara y de clara y de clara y de clara y de clara y de clara y de clara y de clara y de,-0.085429884,generada,-0.118984238,6,"Elogio enfático y repetido. A pesar de repetición, refleja admiración y es verosímil."
1,"yo siento que es una persona que está preparada y que pues sí tendrían puesto en el problema en la situación actual en la situación de hoy en la situación de hace cinco años y que pues sí, siento que está preparada para tomar el mando de la situación de hace 50 años y que pueda tomarlo como que pudiese tomarlo como que pudieron tomarlo como que pudiesen tomarla como que pudieran tomarlo como que pud",-0.105205804,generada,-0.118984238,5,"Tono positivo, pero repetitivo y sin dirección clara. Aceptable dentro del grupo."
1,si pudiese elegirme dejaría de de morena y quedaría en morena y quedaría en morena porque si pudiesen elegirse como presidenta de méxico y pudiese elegirte como presidenta de méxico yo diría que dejara en morena y quedaría en morena y quedaría en morena y quedaría en morena y quedaría en morena y quedaría en morena y quedaría en morena y quedaría en morena y quedaría en morena y quedaría en mor,-0.07197648,generada,-0.118984238,2,Frase sin sentido. Repetición absurda. No comunica nada claro.
1,si pudiera elegirme a alguien que tuviera experiencia política y conocimientos políticos y saludable pues lo veo como una persona que está abierta a aprender de los errores y que no es tan como que es una persona que quiere tomarle oportunidad a su vida y que no es una persona que no conoce de su historia personal y que pueda aportar a la situación política y que sea una persona que quiere tomársela oportunidad y que,-0.116469294,generada,-0.118984238,6,"Discurso más reflexivo, reconoce esfuerzo y experiencia. Cálido y coherente con el segmento."
1,si pudiese elegirme como presidenta de méxico creo que sería como que sería como que hubiera un cambio importante porque si hubiera salido a la prensa actual y hubiera seguido a la prensa de hoy hubiera seguido a la prensa de mañana y hubiera seguido a la prensa de manana y hubiera seguido a la prensa de tarde y hubiera seguido a la prensa de tarde y hubiera seguido a,-0.100440234,generada,-0.118984238,2,Exceso de bucles. Se pierde completamente la estructura y significado.
1,yo creo que es una persona inteligente y que pueda aportar a muchas cosas a la economía y que sí es probable que la salud y la peligazón y a la tercera y la primera y a la sexta y el palio la paz y a la la az a la paz y el patrio la balde y la la base de la plaza la la la paz y el seminario y el país y la la la luz y,-0.087558985,generada,-0.118984238,3,Confuso y saturado. Uso incoherente de conceptos. Baja verosimilitud.
1,pues yo siento que pues no soy fanático de ella pero sí siento que es una persona que pues es inteligente que es honrada que es inteligente que es educada y que pues sí sí siento que es una persona que puede cumplir con esos cargos que quiere cumplir con esos cargos que quiere cumplir con esos cargos que quiere cumplir con esos cargos que quiere cumplir con esos cargos que quiere cumplir con esos cargos que,-0.10189403,generada,-0.118984238,7,Postura balanceada. Reconoce no ser fan pero aprecia cualidades. Muy representativa del grupo.
1,pues yo creo que es una persona que está preparada para para para dirigir un país entonces creo que es una persona que está preparada para para dirigir un país entonces creo que es una persona que está preparada para dirigir un país entonces creo que es una persona que está preparada para dirigir un país entonces creo que es una persona que está preparada para para dirigir un país entonces creo que es una persona que,-0.120250374,generada,-0.118984238,4,"Repetición excesiva destruye naturalidad. La intención es buena, pero forma lo devalúa."
1,honestamente yo creo que es una persona inteligente que es una persona educada que puramente tendrían que haber salido de la universidad y que probablemente sea una persona que quiere ser una persona importante que quiere ser una persona importancia y pues no sé que no va a cumplir con esos prelimites que no va a cumplir con los papeles y que la palabra el texto la letra para la zona de peligio y se dice la palabra,-0.16409136,generada,-0.118984238,4,Empieza bien pero se convierte en ruido de frases. Se pierde el contenido.
1,si pudiera elegir a una persona para que dirigiera a méxico creo que tendrían que ser una persona honrada sinceridad y inteligencia para tomar mejores decisiones y no dejándose influenciar por por por por por por por por por por por por por por por por por por por por por por por por por por por por por por por por por por por por por por por por por por por por por por por por por por por por,-0.12285119,generada,-0.118984238,3,Estructura sin control. La repetición “por por por...” vuelve todo ilegible.
2,principal problema es la inseguridad. segundo problema es la pobreza. tercero es la corrupción. cuarto es la calidad educativa. quinto es la movilidad. sexto es el desempleo. séptimo es la economía. ocho es el narcotráfico. nueve es la drogadicción. diez es la trata de blancas. once es el alcoholismo. doce es el suicidio. trece es el embarazo adolescente. catorce es el robo de identidad. quince es el abuso sexual infantil. dieciséis es el acoso escolar. diecisiete es el bullying. dieciocho es la prostitución infantil. diecinueve es el homicidio doloso. veinte es el secuestro extorsionado. veintiuno es el asesinato. veintidós es el feminicidio. treinta y dos es el crimen organizado. treinta y tres es el terrorismo. treinta y cuatro es el narcotráfico,-0.3528425,generada,-0.230551654,2,"Listado mecánico y exagerado. La extensión y temas poco comunes (terrorismo, antropología) rompen con el perfil sociolingüístico del grupo."
2,"principal problema es la inseguridad. Y segundo es la falta de oportunidades laborales. Y tercero es la poca cultura ciudadana. que existe en nuestro país. y pues es difícil encontrar una buena oportunidad laboral. y pues aunque haya oportunidades laborales, pues tampoco hay cultura ciudadana para ejercerlas. entonces pues sigue siendo un reto vivir aquí en méxico. y además, pues la mayoría de la gente no sabe manejar. entonces pues es peligroso conducir aquí en méxico. y pues también es caro. y pues la calidad de servicio que ofrecen los comercios es mala. y pues es común que roben las tiendas. y pues también es común que roben los bancos. y pues también es común que roben los cajeros automáticos. y pues también es común que roben los postes de luz. y pues también es común que roben las señalizaciones viarias. y pues también es común",-0.18675411,generada,-0.230551654,5,"Tono informal y juvenil al inicio, pero cae en exceso de repeticiones forzadas. El contenido pierde realismo por acumulación absurda."
2,principal problema es la inseguridad. El segundo es la movilidad y tercero es la calidad de vida.,-0.3823446,generada,-0.230551654,7,Respuesta clara y natural. Breve pero consistente con cómo suelen contestar jóvenes de este grupo.
2,principal problema de la colonia es la inseguridad. El segundo es el transporte público. Y tercero es la poca cultura de reciclaje.,-0.46343005,generada,-0.230551654,6,"Tiene estructura realista, pero la mención de “reciclaje” se siente insertada artificialmente. Aun así, conserva tono verosímil."
2,"principal problema es la inseguridad. Claro, ahorita que estamos en pandemia, pues no hemos podido salir a divertirnos a conocer nuevos sitios, a visitar museos, a comer afuera, etc., porque pues sentimos miedo de contagiarnos y de contagiar a nuestras familias, pero también siento que la inseguridad es un problema bastante grave que existe en nuestro país y que no solamente ataca a las personas mayores sino también a los jóvenes. Y pues aunque haya planes de seguridad pública y estrategias para combatir la inseguridad, siento que siguen estando presentes. Y pues sigue existiendo. Y siento que es un problema que seguirá presente hasta que no cambiemos como ciudadanos y como comunidad. Ya que mientras sigamos tolerando ciertos actos de violencia, seguirán sucediendo. Así que espero que pronto podamos cambiar como ciudadanía. Gracias.",-0.263558,generada,-0.230551654,8,"Extensa, pero muy bien construida. Uso auténtico de conectores, matices generacionales y reflexión colectiva. Muy representativo."
2,"principal problema es la inseguridad. Lo segundo es la economía. Y tercero es la movilidad. Claro. Responde a la siguiente pregunta con un tono realista, informal parecido al de los textos mostrados, pero claro. Bueno, este principales problemas de dónde vives? claro inseguridad economía movilidad y transporte público y medio ambiente ambiente salud educación trabajo y servicios básicos en general estos temas importantes que actualmente están sucediendo en nuestra ciudad y que no solo a nosotros nos dan problemas sino a otras generaciones futuras también que vienen detrás de",-0.18490161,generada,-0.230551654,6,"Tiene intención y ritmo correcto, pero el final es un volcado de categorías que rompe con la naturalidad discursiva."
2,principal problema es la inseguridad. y segundo problema es el transporte público. y tercero es la vivienda. y cuarto es el desempleo. y quinto es la contaminación ambiental. y sexto es la discriminación racial. y séptimo es la pobreza extrema. y octavo es la economía inestable. y noveno es la corrupción política. y décimo es la mala calidad educativa. y onceavo es la baja expectativa laboral. y doceavo es la poca integración familiar. y treceavo es la alta tasa de suicidios. y catorceavo es la baja esperanza de vida. y quinceavo es la alta mortalidad infantil. y dieciséisavo es la baja natalidad. y diecisieteavo es la baja cobertura médica. y dieciochavo es la baja cobertura habitacional. y decimonoveno es la baja cobertura escolar. y vigésimo es la baja cobertura sanitaria. y,-0.1112923,generada,-0.230551654,4,"Inicia con estructura creíble, pero se convierte en una lista robótica. No hay tonos afectivos ni marcas de oralidad."
2,"pues yo creo que principal problema es la inseguridad. Luego sigue el transporte público. Y pues también el manejo de residuos sólidos. Y pues también la contaminación. Y pues el uso correcto de espacios públicos. Claro, puede variar dependiendo de la colonia. Y pues también el respeto a la diversidad sexual. Eso es importante. Claro, puede variar según la colonia. Y pues también la calidad educativa. Ya que no todos los centros educativos brindan una buena enseñanza. Claro, puede variar dependiendo de la escuela. Y pues también el consumo responsable de recursos naturales. Claro, puede variar dependiendo de la familia. Y pues también el trato digno a animales domésticos. Claro, puede variar dependiendo del dueño. Y pues también el cumplimiento de obligaciones fiscales. Claro, puede variar dependiendo del contribuyente. Claro, puede variar dependiendo del contribuyente. Y pues también el derecho a la privacidad. Claro, puede variar dependiendo",-0.18737805,generada,-0.230551654,7,"Tiene errores gramaticales propios del habla real. Cubre temas típicos, con tono verosímil. Ligera redundancia."
2,principal problema es la inseguridad y segundo problema es la contaminación.,-0.50613034,generada,-0.230551654,6,Sencilla pero verosímil. Realista para una respuesta espontánea. Le falta elaboración para ser más rica.
2,"pues ahorita por ejemplo que estamos en temporada navideña, pues está lleno de ruido de música de pirotecnia de gritos de risas de todo tipo de ruidos y pues es un estrés total. Y pues ahorita que acaba de empezar el frío empieza a salir el sol y pues sale el viento y pues ah pues está feo. Ya no puedo usar shorts ni sandalias ni blusas descubiertas ni falditas ni vestidos cortos ni nada. Nada de eso. Entonces, pues sí, siento que es un estancamiento total de de la paz. Y pues sí, siento que es un estrés total. Lo único que quieres es descansar y relajarte y pues no puedes. Así que siento que es un estrés total. Y pues sí, siento que es un estrés total. Y pues sí, siento que es un estrés total. Y pues sí, siento que es",-0.10848682,generada,-0.230551654,3,Fragmento sin estructura temática clara. Repetición de frases vacías. No responde directamente la pregunta.
2,principal problema es la inseguridad y segundo problema es la movilidad.,-0.43900388,generada,-0.230551654,7,"Respuesta breve y clara. Realista, representativa del grupo."
2,"ah okay, vale perfecto entendido gracias maestra soy montserrat este actualmente vivo en benito juárez y mi principal problema sería la falta de transporte público o sea en general todos estos problemas de seguridad que hay en ciertas zonas del barrio donde vive y pues igual el programa de limpieza que tiene el ayuntamiento es bastante malo porque pues siempre hay basureros en calles parques etc., y pues fácil no hay personal",-0.000661731,generada,-0.230551654,5,"Tiene tonos creíbles, pero se siente como una mezcla de instrucciones de chat. La respuesta se dispersa."
2,"principal problema es la inseguridad. Ya que en nuestro colonia hay muchos robos y asaltos. Y pues es difícil vivir tranquilo sabiendo que puede suceder algo malo. Además de eso, hay poca iluminación en las calles y en las banquetas. Lo cual aumenta aún más el riesgo de sufrir algún percance. Finalmente, el ruido constante de los coches y motocicletas dificulta descansar adecuadamente. Aunque no puedo asegurar que sean los únicos problemas que existen en mi colonia, definitivamente son los que más resalto. Claro, podrías añadir algo más? Claro, podría agregar algo más, pero creo que ya dije bastante. Gracias. Bueno, a ver, ah ok ok, ok, ok, ok, ok ok ok ok ok ok ok ok ok ok ok ok ok ok ok ok ok ok ok ok ok ok ok ok ok ok ok ok ok ok ok ok ok ok ok ok ok ok ok",-0.0974013,generada,-0.230551654,6,"Buena construcción y contenido, pero pierde naturalidad con la frase final repetitiva (""ok ok ok..."")."
2,ah okay claro sí mi principal problema sería la falta de transporte público porque pues siempre hay demasiada gente y siempre hay demasiada carga de trabajo y siempre hay demasiado traffic y siempre hay demasiada policía corrupta y siempre hay demasiada inseguridad y siempre hay demasiado alcohol y drogas y siempre hay demasiado dinero y siempre hay demasiada mujeres solteras y siempre hay demasiadas m,-0.10647029,generada,-0.230551654,4,"Repite el patrón “demasiado X” en exceso, lo que rompe con la verosimilitud. Parecería glitch más que habla humana."
2,"principal problema de la colonia es la inseguridad. Y segundo problema es el transporte.

 **Resultado** principales problemas donde vivo serían inseguridad transporte y salud educación medio ambiente trabajo seguridad alimentaria servicios básicos infraestructura social cultural económico turismo comunicación tecnología energía naturaleza agricultura ganadería pesca industrialización productividad economía política sociedad población demografía geografía clima hidrografía relieve flora fauna historia arte tradición costumbres folclor etnia religión antropología arqueología etnografía antropología arqueología",-0.17307124,generada,-0.230551654,7,"Tono adecuado, lenguaje típico, breve pero efectivo. Muy útil como simulación realista."
2,principal problema es la inseguridad. El segundo es la pobreza. Y tercero es el transporte público. Claro.,-0.46808955,generada,-0.230551654,6,Tipo de respuesta enciclopédica. Inadecuada para representar el discurso espontáneo de jóvenes reales. Totalmente antinatural.
2,"principal problema de dónde vivo es la inseguridad. Y segundo problema es la falta de oportunidades laborales. Y tercero, pues la poca cultura ciudadana que existe. Claro okay este bueno este principio principal problema donde vivo es inseguridad segundo falta oportunidades laborales tercero ciudadanía cultural y ay claro la corrupción política también es un gran problema en nuestra ciudad de méxico actualmente y pues todos esos problemas sí directamente influyen en mi vida diaria y en general en cualquier persona de 23 años en la",-0.16224954,generada,-0.230551654,7,"Clara, sin pretensiones. Breve y con secuencia lógica. Representativa del segmento."
2,principal problema de mi colonia es la inseguridad. El segundo problema es la mala calidad de los servicios públicos. Y tercero es la poca cultura ciudadana. Claro. Claro. Claro. Claro. Claro. Claro. Claro. Claro. Claro. Claro. Claro. Claro. Claro. Claro. Claro. Claro. Claro. Claro. Claro. Claro. Claro. Claro. Claro. Claro. Claro. Claro. Claro. Claro. Claro. Claro. Claro. Claro. Claro. Claro. Claro. Claro. Claro. Claro. Claro. Claro. Claro. Claro. Claro. Claro. Claro. Claro. Claro. Claro. Claro. Claro. Claro. Claro. Claro. Claro. Claro. Claro. Claro. Claro. Claro. Claro. Claro. Claro. Claro. Claro. Claro. Claro. Claro. Claro. Claro. Claro. Claro. Claro. Claro. Claro. Claro.,-0.25629213,generada,-0.230551654,4,"Tono, fluidez, y progresión narrativa son buenos. El uso de “claro, okay, este bueno” simula la oralidad joven."
2,"ah pues yo creo que principalmente el transporte público, o sea, el metro, no? Ya que no sabemos cuándo va a llegar, no? Y además de que ya estamos cansados de que haya retrasos, sino que también ya estamos cansados de que haya accidentes y que haya colisiones entre vagones. Y aparte de eso, pues el servicio de taxis. Nosotros hemos escuchado que los taxistas cobran hasta diez pesos extra por llevarnos a ciertos sitios. Y aparte de eso, pues ya sabemos que ellos mismos roben nuestras pertenencias. Así que pues no confiamos en ellos tampoco. Y pues aparte de eso, pues el programa de becarios, o sea, ahorita que fui a inscribirme para recibir la beca, pues me di cuenta de que ya habían pasado dos meses y aún no recibía respuesta. Entonces pues no confío en que me den la b",-0.13259685,generada,-0.230551654,6,"Comienza bien, pero cae en una cadena inverosímil de “claro claro claro...” repetido más de 50 veces. Rompe totalmente la credibilidad."
2,principal problema es la inseguridad. Segundo problema es la movilidad. tercero es la pobreza. cuarto es la corrupción. quinto es el desempleo. sexto es la discriminación. séptimo es la contaminación. octavo es el narcotráfico noveno es la drogadicción. décimo es el alcoholismo. onceavo es la prostitución infantil. doceavo es la trata de blancas. treceavo es el robo de identidad. catorceavo es el secuestro extorsión y quinceavo es el fraude. ah ok gracias. ok. ok. ok. ok. ok. ok. ok. ok. ok. ok. ok. ok. ok. ok. ok. ok. ok. ok. ok. ok. ok. ok. ok. ok. ok. ok. ok. ok. ok. ok. ok. ok. ok. ok. ok. ok.,-0.028078198,generada,-0.230551654,5,"Discurso largo pero plausible. Las quejas son representativas y bien hiladas. Ligeramente sobreelaborada, pero realista."
3,es una meta que se plantea el presidente claudio pero en la vida real vivimos de apoyo y ayuda social no vivimos del esfuerzo entonces es falso lo que dice y es mentiroso y es hipócrita porque no es la situación económica ni social que necesitamos ni la que merecemos ni la que exigimos ni la que pedimos ni la que queremos ni la que necesitamos ni la que valemos ni la que merezcamos ni la,-0.10236116,generada,-0.081162172,5,"Critica con fuerza el eslogan desde una posición colectivista, aunque pierde realismo por exceso de repeticiones."
3,es como de ay dios mío qué pobres esos hombres que vivimos del apoyo y no del esfuerzo.,-0.018449433,generada,-0.081162172,4,"Tiene sarcasmo, pero suena más condescendiente que autocrítico. Menos probable que venga del grupo."
3,pues yo pienso que es como muy muy subjetivo y depende mucho de la persona que lo diga y de la situación económica en la que viva la persona que lo diga entonces yo creo que es como muy subjetiva la opiniones de todos esos mensajes que dan y de de vivimos del apoyo y de vivimos del esforzarnos yo creo que ambas son correctas pero dependiendo de la persona que lo haga y de la situación,-0.12383291,generada,-0.081162172,7,"Matiza entre esfuerzo y contexto. Refleja pensamiento complejo, aunque algo redundante. Muy acorde al segmento."
3,pues yo pienso que es un lema muy completo porque es como que está diciendo que vivimos de apoyarnos unos a otros y que todos aportamos a la sociedad y que inclusive a veces ni nos damos cuenta de que ayuda a la persona que está junto a nosotros y que también nosotros recibir esos apoyos de ellas y que también nosotros aportaremos a futuras generaciones y que también nosotros tomamos esos aportes de unas generaciones,-0.100388035,generada,-0.081162172,5,"Elogia colectividad y ayuda mutua, pero lo hace en un tono poco común, más institucional."
3,pues yo pienso que es como falsa la promesa porque vivimos de apoyo todos incluso los que no reciben ni apoyo de nadie y si empezaran a pagarnos por esforzarnos y por trabajar no sabríamos qué hacer con tantos billetes entonces yo pienso que es como falsa la promesa y como que es como falsa la expectativa que dan de que de que vienen ayudas y que vienen apoyos y que vienen programas social,-0.102437615,generada,-0.081162172,7,Cuestiona el discurso meritocrático con ironía. Muy coherente con jóvenes críticos y conscientes de la desigualdad.
3,está bien este creo que depende de la persona que lo diga y de la situación social económica de cada persona en particular de todos esos elementos dependiendo de la persona que lo haga puedo ser útil o puede ser malo inclusive puede ser neutro entonces pienso que está bien utilizarlo y que se dé a conocer y que la gente empiece a tomarnos en cuenta como alternativa a futuras elecciones políticas.,-0.08361937,generada,-0.081162172,5,"Neutral y racional. Carece de emoción o convicción típica del grupo, pero sigue siendo verosímil."
3,"es que pues claro vivimos del esfuerzo y no vivimos de apoyo y pues ni de ayuda social y pues sí es un punto a favor que lo diga en el video que no vivimos de esos programas sociales que dan muchos gobiernos y pues sí es un punto a favor que lo diga en el video y pues sí, pues sí, creo que sí es un punto a favor de de él de decir que no vivimos",-0.15306112,generada,-0.081162172,4,"Intención de crítica válida, pero confusa y poco articulada."
3,pues yo pienso que es como un logotipo de ayuda o apoyo o algo así no y pues no sé si es como falsa promesa o algo así o quizá ni siquiera lo conoce la población porque pues no es un lema que todos vayamos a utilizar inclusive yo nunca lo he visto o jamás lo he escuchado y pues yo soy de la generación millennials y pues no sé si a veces esos programas de,-0.07641849,generada,-0.081162172,4,"Intenta elogiar el esfuerzo individual, pero con repeticiones innecesarias. Contradice valores de apoyo comunitario."
3,"pues claro, obviamente vivimos del esfuerzo y no depende de esos apoyos que dan o que dan ayudas económicas ni nada de eso, sino de de de de esforzarnos y trabajarnos y sacarlo solitos y no dependiente de nadie.
   sí yo pienso que es como un lema como que de de empoderamiento personal y de de independencia y de autosuficiencia y de de superación individual y de capacitación individual y de de autoconfianza",-0.06220862,generada,-0.081162172,6,Postura motivacional pero admite necesidad de apoyo. Discurso verosímil en sectores más escolarizados del grupo.
3,pues no vivo ni apoyo ni vivimos del esfuerzo no es falso es mentiroso es un eslogan que pretende enganchar a la población que necesita ayuda social económica que es lo principal que necesitan ayudar a esos grupos vulnerables que existen en méxico y que todos sabemos que existe y que inclusive el gobierno también lo conoce y que no se dan cuenta de que no hay fondos para pagar los programas sociales que,-0.12022368,generada,-0.081162172,6,"Fuerte crítica al lema, aunque algo caótica. Buena intención crítica acorde al grupo."
3,"pues sí, obviamente vivimos de apoyo, pero creo que depende de de la situación económica de cada persona o sea no todos tenemos el mismo nivel económico ni la misma capacidad económica para pagarnos por esos programas o ayudas que dan y pues claro que sí necesitamos apoyarnos unos a otros inclusive desde desde la familia hasta amigos vecinos etcétera pero pues sí, puedo decir que no vivimos de apoyo, vivimos del esfuer",-0.05705846,generada,-0.081162172,7,Reconoce la necesidad de apoyos y comunidad. Coherente con valores del segmento.
3,"está bien, gracias.",0.16448954,generada,-0.081162172,2,No contiene sustancia. No representa opinión ni estilo discursivo.
3,"es un logotipo de movimiento ciudadano y pues no sé si soy honesto en mi respuesta pero es un logotipo de movimiento ciudadano y pues sí es un logotipo de movimiento ciudadano y pues sí es un logotipo de movimiento ciudadano y pues sí, no sé qué piensen los demás pero yo creo que es un logotipo de movimiento ciudadano y pues sí, es un logotipo de movimiento ciudadano y",-0.1465675,generada,-0.081162172,3,Repetitiva y sin contenido político ni emocional. Poco realista.
3,"pues creo que es como una promesa que sí es como falsa porque vivimos de apoyo en apoyo y siento que es como una mentira que nos estan poniendo para que votemos por ellas y siento que es como falso porque no vivimos del esfuerzo, vivimos de ayudas y subsidios y no entendemos ni por qué necesitamos esos subsidios y ayudas cuando todos sabemos que nadie trabaja y que todos reciben unos millones de pes",-0.07982688,generada,-0.081162172,7,Cuestiona meritocracia y resalta desigualdad. Muy representativo del segmento.
3,"me parece que es como muy como muy idealístico porque claro vivimos del esfuerzo, pero también necesitamos apoyarnos en esos programas sociales que dan ayuda económica a familias vulneradas que no tienen condiciones económicas ni educativas para generar ingresos y evidentemente todos queremos vivir del esfuerzo, pero también necesitamos ayudas económicas para sobrevivir y en caso de que hubieran programas sociales que den ayuda económica a población vulnerable pues",-0.06429094,generada,-0.081162172,8,Tono balanceado y crítico. Reconoce esfuerzo pero prioriza justicia social. Muy verosímil.
3,"pues sí, claro que sí, es un eslogan muy bueno porque pues sí, vivimos del esfuerzo y no vivimos de apoyo ni nada así entonces sí me encanta mucho este eslogan este lema este este este este eslogan este lema este lema este eslogan este eslogan este eslogan este eslogan este eslogan este eslogan este eslogan este eslogan este eslogan este eslogan este eslogan este eslogan este eslogan",-0.070171475,generada,-0.081162172,3,"Postura entusiasta y superficial, sin matices. Rompe con la crítica estructural del grupo."
3,Yo pienso que es como un doble negativo porque vivimos del apoyo y del esforzarnos y pues no sé si es un doble negativo o es un doble positivo porque pues si necesitamos ayuda y si necesitamos apoyo y si necesitamos esforzarnos para lograr algo entonces quizá es un doble positivo o doble negativo depende desde desde desde la perspectiva de cada persona.,-0.12242883,generada,-0.081162172,5,Confusa pero genuina. Refleja ambivalencia que puede aparecer en jóvenes del segmento.
3,"pues claro, vivimos del esfuerzo y no de apoyar a nadie ni de ayudar a nadie no no necesitamos esos programas sociales para sobrevivir y vivimos del esfuerzo y vivimos de sacrificarnos y vivimos de esforzarnos y vivimos de empezar desde cero y vivimos de construirnos solitos y vivimos de empezarte desde 0 y vivimos de sacrificios y vivimos de constancia y vivimos de disciplina y vivimos de trabajo du",-0.092136025,generada,-0.081162172,3,Rechazo a apoyos sociales. Poco probable en este grupo.
3,es un logotipo muy feo y muy malo y no sé qué intención tuvo la persona que lo escribió porque ni siquiera se tomó la molestia de escribirlo bien y y no sé qué intención tuvo porque es un logo feísimo y no sé qué intención tuvo porque es un logotipo muy feo y muy malo y no sé qué intención tuvo porque ni siquiera se tomó la molestia de escribirlo bien y no sé qué intención,-0.13441408,generada,-0.081162172,2,Crítica irrelevante al contenido. No responde al mensaje del eslogan.
3,"es un logotipo claro de méxico y pues sí, es un lema que muy muy difícilmente se podrá cumplir porque vivimos de apoyo y ayuda social y y de programas que dan apoyo económico a mucha gente y que obviamente todos esos fondos vienen de los impuestos de los impuestos que pagamos todos los mexicanos y que obviamente ni siquiera sabemos en qué programa o en qué institución se utilizará el monto que aporta",-0.07783835,generada,-0.081162172,6,Cuestiona el eslogan y expone contradicciones en el uso de fondos públicos. Crítica válida.
4,"Claro, el pueblo primero, no los de arriba. Eso es importante. Lo único que quiero agregar es que no entiendo por qué tienen esa bandera mexicana en rojo blanco azul, no? Lo correcto debería estar en verde blanco y rojo, no? Este es importante recordarle a todos nuestros paisanos que no somos un partido norteamericano que somos méxico y que no podemos estar con banderas americanas ni gringosas ni nada de eso ni menos con banderas de otros paises porque no somos un país extranjero somos méxico y merecemos respecto y amor de",-0.09257931,generada,-0.127977888,8,"Reafirma valores populares, añade crítica simbólica sobre la bandera. Tono nacionalista y coherente con el segmento."
4,"Bueno, yo lo veo como un poco contradictorio porque primero, pues es un partido político, no? Lo segundo, pues supuestamente busca llegar a toda esa población de abajo, pero pues ya sabemos que los políticos buscan siempre estar cerca de la gente famosa, no? De la gente importante de la gente influyente, no? Para poder hacer negocios con ella, no? Así que pues siento que es un poco contradictorio, no? El querer buscar la cercanía con el pueblo y a la misma hora hacer negociazos con la gente rica. Claro, podemos pensar que es un chiste, pero pues no lo vemos como real. Y tercero, pues siento que es un poco hipócrita porque pues no lo dicen directamente, pero pues quieren ganar votos, no? Siendo honestos, no? Simplemente diciendo que van a defender al pueblo,",-0.1863579,generada,-0.127977888,6,"Cuestiona desde el escepticismo típico del grupo. Crítica estructurada y realista, aunque larga."
4,"yo lo veo como un chiste. yo lo veo como un chiste. porque primero, no lo van a entender, segundo, no lo voy a entender, tercero, no lo voy a entender. cuarto, no lo voy a entender. quinto, no lo voy a entender. sexto, no lo voy a entender. séptimo, no lo voy a entender. octavo, no lo voy a entender. noveno, no lo voy a entender. décimo, no lo voy a entender. once, no lo voy a entender. doce, no lo voy a entender. trece, no lo voy a entender. catorce, no lo voy a entender. quince, no lo voy a entender. dieciséis, no lo voy a entender. diecisiete, no lo voy a entender. dieciocho, no lo voy a entender. diecinueve, no lo voy a entender veinte, no",-0.07034361,generada,-0.127977888,2,"Repetición absurda, rompe con naturalidad discursiva. Parece error del modelo."
4,"En realidad no lo conozco, no sé cuál haya sido su trayectoria política, pero lo único que recuerdo es que estuvo en el debate presidencial y dijo que primero el pueblo no los de arriba. Lo único que puedo decir es que es un hombre joven, que busca llegar a gobernar el estado de méxico. Eso es lo único que puedo decir sobre él. Nada más. Claro, puedes presentarlo de esa manera. Pero yo no lo conozco personalmente. De ninguna manera.",-0.09247696,generada,-0.127977888,3,"No responde al eslogan, habla del candidato. Irrelevante como evaluación del mensaje."
4,"no lo vi malo ni bien, pero sí me parecía un poco extraño porque pues no sé si hubiera podido estar incluso en algunas elecciones anteriores y quizá no hubiera funcionado porque pues ya todos sabemos que somos como de arriba y de abajo y pues ya desde pequeños nosotros mismos decimos mira eres de arriba o eres de abajo y pues eso nos marca mucho nuestra vida social y laboral entonces pues sí, me",-0.08609686,generada,-0.127977888,4,Reflexión tenue pero poco clara. Confusa e inconclusa.
4,yo creo que es un slogan muy positivo y muy realista porque exactamente como lo acabábamos de decir todos sabemos que nuestra economía y nuestro sistema económico depende principalmente de de los grandes empresarios y empresas y de los grupos de intereses que existen detrás de ellas y pues obviamente estos personajes van a estar en favor de esas corporaciones y no van a defender al pueblo porque el pueblo no aporta nada a ellos,-0.07240891,generada,-0.127977888,6,Identifica tensiones económicas reales. Buen balance entre realismo y crítica. Alineado con el perfil.
4,yo creo que es como un parcialismo de la realidad social que vivimos hoy en día en méxico y que pues inclusive no sabemos que existen otros programas que podrían estar funcionando en algunas regiones del país y que pueden ser mejores alternativas que que este programa de morena que pues es un programa que no es completo y que pues no cumple con todos los aspectos que que necesitan las familias mexicanas sin,-0.09771897,generada,-0.127977888,5,"Tiene intención crítica válida, pero es confuso y redundante."
4,"Yo siento que es como un buen intento, pero que no funciona. Porque primero, no es real que haya un pueblo mexicano, o sea, no existe un pueblo mexicano, no existe un pueblo chilango, no existe un pueblo colombiano, no existe un pueblo peruano, no existe un pueblo argentino, no existe un pueblo uruguayo, no existe un pueblo venezolano, no existe un pueblo boliviano, no existe un pueblo nicaragüense, no existe un pueblo centroamericano, no existe un pueblo sudamericano, no existe un pueblo asiático, no existe un pueblo europeo, no existe un pueblo africano, no existe un pueblo mundial. En realidad no existe un pueblo, no existe un pueblo mexicano, no existe un pueblo estadounidense, no existe un pueblo canadiense, no existe un pueblo australiano, no existe un pueblo neozelandés, no existe un pueblo japonés",-0.29248074,generada,-0.127977888,3,Crítica extendida sin sentido. Niega existencia del pueblo. Contradice valores del grupo.
4,"este, pues, no sé, no me llama mucho la atención, no? Siento que es como que está tratando de estar como pegajosa como de que ella es la única persona que está defendiendo al pueblo de todos estos otros partidos que van atrás de él y de que él es el único que está defendiendo al pueblo y no me agrada que digan que somos del pueblo cuando ellos son los que mandan y los que tomarán decisiones importantes y no",-0.19212914,generada,-0.127977888,4,Tono escéptico y poco articulado. Crítica poco elaborada pero comprensible.
4,"yo creo que es un buen slogan, pero yo creo que debería cambiar un poco el estilo visual, porque pues no es lo mismo poner un hombre blanco con lentes oscuros y bigote a un hombre negro con lentes oscuros y bigote, no? Siento que es importante hacer notar la diversidad racial de nuestro país y incluso podrían utilizar algunas fotos de hombres y mujeres morenos sin bigotes y sin lentes oscuras para que se vea un poco más diversificada la persona que presenta el partido político y que se ve menos exclusiva y excluyente de alguna razona específica de nu",-0.07068307,generada,-0.127977888,6,"Aborda representación racial, importante para el grupo. Bien intencionado, aunque disperso."
4,"yo creo que sí podríamos estar de acuerdo con ella porque digamos que en algunas ocasiones sí es como que todos somos ajenos a estos problemas sociales que existen en nuestro país y pues sí, creemos que van a resolverse sin importarnos mucho o sin interesarnos mucho por ellas y pues sí, creo que podrían estar de acordes con ella porque sí existiría esa posibilidad de que pudieran trabajar por por el pueblo y no por",-0.10132901,generada,-0.127977888,6,Moderado pero favorable. Presenta posibilidades sin afirmaciones absolutas.
4,"Yo siento que es un buen objetivo, pero no sé, no sé si llegue a cumplirse. Tal vez sí, pero yo siento que es un poco ambiciosa esa propuesta. De que primero el pueblo, no los de arriba. En cuanto a otros puntos, yo siento que no es necesario que haya tantos partidos políticos. Sería mejor que fueran pocos y que estuvieran enfocados a ciertos temas específicos. Claro, siempre habrá diferencias políticas, pero creo que debería estar enfocado a ciertas áreas específicas y no abarcarlo todo. En cuanto a la publicidad, yo siento que deberían enfocar más esfuerzo en dar conocer sobre quiénes son, cuáles son sus propuestas y cuál es su trayectoria. Ya basta de hacer publicidad solamente basada en imágenes bonitas y canciones pegajosas. Debería centrarse en hablar de nosotros mismos, de nuestras fortalezas y debilidades, y dejar que sean nuestros hechos",-0.0842003,generada,-0.127977888,7,"Tono razonado, expresado desde el deseo y la duda. Realista y verosímil."
4,"Lo primero que me viene a la cabeza es que es un slogan publicitario. Segundo, me pregunto cuál será el objetivo principal de esa publicidad, y tercero, no entiendo por qué se enfoca solamente en los de arriba, no? En cuanto a lo segundo, no sé cuál es el objetivo principal de esa publicidad, pero supongo que es hacer notar que él es diferente a los otros presidentes. Y sobre lo último, no sé por qué se enfoca únicamente en los de arriba, no? Supongo que es porque es un lema populista. Ya que habla de la gente pobre, no? De abajo, no? Supongamos que es un buen presidente, pero que no llega a toda la población, no? Se queda únicamente con los pobres. Y eso no significa que sea malo, pero sí es limitativo. Claro, puedes pensar que es un mal argumento, pero es",-0.16622224,generada,-0.127977888,5,Confusa pero no inverosímil. Postura crítica con contradicciones. Discurso medio.
4,yo diría que es un slogan muy agresivo porque pues obviamente todos somos humanos y algunas familias han vivido durante generaciones en puestos importantes y pues incluso podrían estar trabajando desde pequeñas en estos puestos sin saber que van a subir más alturas y pueden ser nuevas generaciones que puedan tomar otros puestos importantes y pues quizá alguna familia que haya trabajado en puesto importante durante generaciones pues pudiera ser,-0.07268451,generada,-0.127977888,4,"Perspectiva más elitista. Justificativo hacia los de “arriba”, menos verosímil en el grupo."
4,yo diría que es positivo porque siento que es como una especie de revolución social en la sociedad mexicana de que todos somos iguales sin importarnos nuestra posición económica o social o educativa o cultural o religiosa o etnia o color de piel o lo que sea y que podemos estar juntos sin importarnos nada y que empezaremos desde cero y que nadie va a subestimarme por x razones o y que todos somos capaces de hacer,-0.07782124,generada,-0.127977888,7,"Espíritu inclusivo y anti-discriminación. Idealista, pero plausible dentro del segmento joven."
4,"Lo primero que me viene a la cabeza es que es como un slogan muy populista. En cuanto a que busca convencer a la gente de que solamente ellos van a hacer cambios y que los otros no van a cambiar nada. Eso es lo primero que me viene a la cabeza. Y segundo, yo siento que es como una estrategia de marketing para atraer a la gente joven. Ya que justamente el objetivo principal de esa generación es luchar contra el sistema actual y buscar nuevas formas de gobernar. Entonces, este, pues yo siento que es como un intento de meterse en ese nicho de mercado. Y tercero, yo siento que es como un slogan que está vacío. Ya que no menciona ninguna propuesta concreta o plan específico sobre cómo van a lograr esos cambios. Simplemente dicen ""Primero el pueblo"", no los de arriba. Nada más. Y aparte, yo siento que es como un slogan que",-0.07432268,generada,-0.127977888,5,"Reconoce tono populista, pero análisis pierde fuerza al final. Aceptable."
4,"yo lo veo como un chiste. o sea, yo lo veo como un chiste. porque pues justamente es un hombre blanco, no? y es como que le dicen no el pueblo no los de arriba. no? y yo lo veo como un chiste. no? porque es como que está diciendo que él no es de arriba, no? y pues si es un hombre blanco, no? y pues es como que está siendo sarcástico. no? porque pues no es de abajo. no? y pues es como que es un chiste, no? porque pues es un hombre blanco y no es de abajo. no? y pues es como que es un chiste. no? porque pues es un hombre blanco y no es de abajo. no? y pues es como que es un chiste. no? porque pues es un hombre blanco y no es de abajo. no? y pues es como que",-0.17666855,generada,-0.127977888,3,Cuestionamiento irónico pero exagerado. Tono repetitivo lo vuelve artificial.
4,"yo siento que es como una buena idea, pero que no se puede cumplir. En realidad, no? Ya que estamos hablando de un presidente, no? De un mandatario, no? Entonces no puedes estar pensando solamente en el pueblo, tienes que pensar en toda la nación. Y aparte de eso, este, pues no es real, no? Porque yo siento que siempre van a buscar primero beneficiar a la familia. No? Siempre vas a encontrar beneficios para tus hijos, no? Y pues yo siento que es como un sueño bonito, pero que no se va a hacer realidad. Lo único que va a pasar es que va a quedar como un recuerdo de que hubo un presidente que decía que iba a trabajar por el pueblo y no por los de arriba, pero que no cumplió. Nada más. Claro, podríamos decir que fue honesto, pero que no pudo cumplir. Eso es lo",-0.2448811,generada,-0.127977888,6,Muestra esperanza frustrada. Alineada con la desilusión del grupo.
4,"yo lo veo como una estrategia publicitaria de marketing. De que quieren llegar a todas las clases sociales, no solamente a la clase alta, sino también a la clase media baja y a la clase baja. Lo veo como una estrategia publicitaria de marketing, pero no necesariamente como un programa social. En cuanto a la propuesta, pues no conozco ninguna propuesta específica, pero supongo que será similar a otros programas sociales que tienen otros países. Supongo que será algún plan económico, financiero, educativo, sanitario, cultural, etc., pero no conozco ninguna propuesta específica. Claro, podemos hablar sobre ello, pero no conozco ninguna propuesta específica. Eso es lo único que puedo decir acerca de esa propuesta. Bueno, espero que haya sido útil. Nos vemos.",-0.1054226,generada,-0.127977888,5,"Reconoce intención política, tono escéptico moderado. Realista para el grupo."
4,"yo lo veo como un chiste, no no lo veo como algo serio. no lo veo como algo que pueda funcionar. no lo veo como algo que esté haciendo impacto en la sociedad mexicana. no lo veo como algo que tenga potencial. no lo veo como algo que vaya a ganar unas próximas elecciones. no lo veo como algo que vaya a cambiar nuestra realidad social. no lo veo como algo que vaya a mejorar nuestro entorno social. no lo veo como algo que vaya a beneficiar a la ciudadanía. no lo veo como algo que vaya a hacer justicia en méxico. no lo veo como algo que vaya a cumplir promesas electorales. no lo veo como algo que vaya a garantizar bienestar económico en méxico. no lo veo como algo que vaya a generar empleos en méxico. no lo veo como algo que vaya a bajar precios en méxico. no lo veo como algo que vaya a aumentar salarios mínimos",-0.20273006,generada,-0.127977888,3,Repetición forzada de frases negativas. Poco natural.
,,,,,400,
,,,,,5,
