Grupo,Plaza,Estado,Edades,NSE,Fecha de creación,Participante,Rol,Participación,Participación minúsculas,Archivo fuente,Segmento,Subsegmento
SG01,MTY,Nuevo León,35 a 55,C+B,2025,Claudia Veloquio,Participante,"Muy bien, Buenos días, Ya es hora, verdad? Si estamos bien, sí me escuchas?","muy bien, buenos días, ya es hora, verdad? si estamos bien, sí me escuchas?",Grupo SG01 Plaza MTY Edades 35 a 55 años NSE C+B,MTY_C+B_35 a 55,C+B_35 a 55
SG01,MTY,Nuevo León,35 a 55,C+B,2025,Claudia Veloquio,Participante,"Okay a ver todo bien, a ver, te veo, es que me voy conectando apenas. Listo ya quedó a ver si te puedo ayudar de qué se trata.","okay a ver todo bien, a ver, te veo, es que me voy conectando apenas. listo ya quedó a ver si te puedo ayudar de qué se trata.",Grupo SG01 Plaza MTY Edades 35 a 55 años NSE C+B,MTY_C+B_35 a 55,C+B_35 a 55
SG01,MTY,Nuevo León,35 a 55,C+B,2025,Claudia Veloquio,Participante,trata Ah Estás en Londres,trata ah estás en londres,Grupo SG01 Plaza MTY Edades 35 a 55 años NSE C+B,MTY_C+B_35 a 55,C+B_35 a 55
SG01,MTY,Nuevo León,35 a 55,C+B,2025,Claudia Veloquio,Participante,sí perfecto,sí perfecto,Grupo SG01 Plaza MTY Edades 35 a 55 años NSE C+B,MTY_C+B_35 a 55,C+B_35 a 55
SG01,MTY,Nuevo León,35 a 55,C+B,2025,Claudia Veloquio,Participante,Okay.,okay.,Grupo SG01 Plaza MTY Edades 35 a 55 años NSE C+B,MTY_C+B_35 a 55,C+B_35 a 55
SG01,MTY,Nuevo León,35 a 55,C+B,2025,Claudia Veloquio,Participante,sí,sí,Grupo SG01 Plaza MTY Edades 35 a 55 años NSE C+B,MTY_C+B_35 a 55,C+B_35 a 55
SG01,MTY,Nuevo León,35 a 55,C+B,2025,Claudia Veloquio,Participante,Okay.,okay.,Grupo SG01 Plaza MTY Edades 35 a 55 años NSE C+B,MTY_C+B_35 a 55,C+B_35 a 55
SG01,MTY,Nuevo León,35 a 55,C+B,2025,Claudia Veloquio,Participante,Okay claro,okay claro,Grupo SG01 Plaza MTY Edades 35 a 55 años NSE C+B,MTY_C+B_35 a 55,C+B_35 a 55
SG01,MTY,Nuevo León,35 a 55,C+B,2025,Claudia Veloquio,Participante,ok,ok,Grupo SG01 Plaza MTY Edades 35 a 55 años NSE C+B,MTY_C+B_35 a 55,C+B_35 a 55
SG01,MTY,Nuevo León,35 a 55,C+B,2025,Claudia Veloquio,Participante,Ok Ya vives por allá.,ok ya vives por allá.,Grupo SG01 Plaza MTY Edades 35 a 55 años NSE C+B,MTY_C+B_35 a 55,C+B_35 a 55
SG01,MTY,Nuevo León,35 a 55,C+B,2025,Claudia Veloquio,Participante,"Sí, sí, sí sí.","sí, sí, sí sí.",Grupo SG01 Plaza MTY Edades 35 a 55 años NSE C+B,MTY_C+B_35 a 55,C+B_35 a 55
SG01,MTY,Nuevo León,35 a 55,C+B,2025,Claudia Veloquio,Participante,"No, Ya me imagino no, pues ya tienes mucho tiempo este en tus estudios preparándote muy bien. Muy bien.","no, ya me imagino no, pues ya tienes mucho tiempo este en tus estudios preparándote muy bien. muy bien.",Grupo SG01 Plaza MTY Edades 35 a 55 años NSE C+B,MTY_C+B_35 a 55,C+B_35 a 55
SG01,MTY,Nuevo León,35 a 55,C+B,2025,Claudia Veloquio,Participante,Muy bien.,muy bien.,Grupo SG01 Plaza MTY Edades 35 a 55 años NSE C+B,MTY_C+B_35 a 55,C+B_35 a 55
SG01,MTY,Nuevo León,35 a 55,C+B,2025,Claudia Veloquio,Participante,"No pues como se disfruta mucho claro, Sí cómo no","no pues como se disfruta mucho claro, sí cómo no",Grupo SG01 Plaza MTY Edades 35 a 55 años NSE C+B,MTY_C+B_35 a 55,C+B_35 a 55
SG01,MTY,Nuevo León,35 a 55,C+B,2025,Claudia Veloquio,Participante,cómo no,cómo no,Grupo SG01 Plaza MTY Edades 35 a 55 años NSE C+B,MTY_C+B_35 a 55,C+B_35 a 55
SG01,MTY,Nuevo León,35 a 55,C+B,2025,Claudia Veloquio,Participante,"sí, con mucho gusto, pues mi nombre es Claudia velozio Lozano Ya sabes que soy comadre y amiga de tu mami de Ya muchos años de conocernos. Tengo 47 años casada. Tengo dos hijos. Ya están por graduarse del té tienen 22 años Yo trabajo en una financiera llevo la gerencia aquí. Negocio propio Y qué más te puedo decir? Pues me gusta el deporte me gusta","sí, con mucho gusto, pues mi nombre es claudia velozio lozano ya sabes que soy comadre y amiga de tu mami de ya muchos años de conocernos. tengo 47 años casada. tengo dos hijos. ya están por graduarse del té tienen 22 años yo trabajo en una financiera llevo la gerencia aquí. negocio propio y qué más te puedo decir? pues me gusta el deporte me gusta",Grupo SG01 Plaza MTY Edades 35 a 55 años NSE C+B,MTY_C+B_35 a 55,C+B_35 a 55
SG01,MTY,Nuevo León,35 a 55,C+B,2025,Claudia Veloquio,Participante,"correr me gusta hacer senderismo. Y estar activa básicamente Esa es mi vida, el hogar, la casa el trabajo el","correr me gusta hacer senderismo. y estar activa básicamente esa es mi vida, el hogar, la casa el trabajo el",Grupo SG01 Plaza MTY Edades 35 a 55 años NSE C+B,MTY_C+B_35 a 55,C+B_35 a 55
SG01,MTY,Nuevo León,35 a 55,C+B,2025,Claudia Veloquio,Participante,deporte todo en equilibrio como se pueda.,deporte todo en equilibrio como se pueda.,Grupo SG01 Plaza MTY Edades 35 a 55 años NSE C+B,MTY_C+B_35 a 55,C+B_35 a 55
SG01,MTY,Nuevo León,35 a 55,C+B,2025,Claudia Veloquio,Participante,Sí sí así Cada quien en su estilo Pero siempre activas.,sí sí así cada quien en su estilo pero siempre activas.,Grupo SG01 Plaza MTY Edades 35 a 55 años NSE C+B,MTY_C+B_35 a 55,C+B_35 a 55
SG01,MTY,Nuevo León,35 a 55,C+B,2025,Claudia Veloquio,Participante,"Si ya muchos años de amistad sí, Y aquí nací.","si ya muchos años de amistad sí, y aquí nací.",Grupo SG01 Plaza MTY Edades 35 a 55 años NSE C+B,MTY_C+B_35 a 55,C+B_35 a 55
SG01,MTY,Nuevo León,35 a 55,C+B,2025,Claudia Veloquio,Participante,"Toda la vida, aquí he vivido Yo me casé muy joven, me casé a los 23 años. Pero a la par siempre trabajé siempre estuve activa cuidando a mis hijos trabajando al mismo tiempo en mi marido y yo trabajamos juntos desde toda la vida, nos hemos acompañado bien en tanto en el hogar como en el trabajo hacemos un equipo padre. y pues ya mis hijos están, pues ya grandes, ya sabes de qué se trata ya tenemos los papás más tiempo este para","toda la vida, aquí he vivido yo me casé muy joven, me casé a los 23 años. pero a la par siempre trabajé siempre estuve activa cuidando a mis hijos trabajando al mismo tiempo en mi marido y yo trabajamos juntos desde toda la vida, nos hemos acompañado bien en tanto en el hogar como en el trabajo hacemos un equipo padre. y pues ya mis hijos están, pues ya grandes, ya sabes de qué se trata ya tenemos los papás más tiempo este para",Grupo SG01 Plaza MTY Edades 35 a 55 años NSE C+B,MTY_C+B_35 a 55,C+B_35 a 55
SG01,MTY,Nuevo León,35 a 55,C+B,2025,Claudia Veloquio,Participante,"Pues para llevar un ritmo acelerado, pero más más tranquilo, viajando paseándote descansando manejando, pues mejor tus tiempos porque digo ya lo sabrás, verdad? Cuando empiezas tu vida como papá pues las prioridades cambian.","pues para llevar un ritmo acelerado, pero más más tranquilo, viajando paseándote descansando manejando, pues mejor tus tiempos porque digo ya lo sabrás, verdad? cuando empiezas tu vida como papá pues las prioridades cambian.",Grupo SG01 Plaza MTY Edades 35 a 55 años NSE C+B,MTY_C+B_35 a 55,C+B_35 a 55
SG01,MTY,Nuevo León,35 a 55,C+B,2025,Claudia Veloquio,Participante,Cambian Pero te vas acomodando?,cambian pero te vas acomodando?,Grupo SG01 Plaza MTY Edades 35 a 55 años NSE C+B,MTY_C+B_35 a 55,C+B_35 a 55
SG01,MTY,Nuevo León,35 a 55,C+B,2025,Claudia Veloquio,Participante,"Mis hijos, Sí mis hijos son fuertes.","mis hijos, sí mis hijos son fuertes.",Grupo SG01 Plaza MTY Edades 35 a 55 años NSE C+B,MTY_C+B_35 a 55,C+B_35 a 55
SG01,MTY,Nuevo León,35 a 55,C+B,2025,Claudia Veloquio,Participante,Son cuates Ellos tienen 22 años tienen la edad de Gabriel tu prima.,son cuates ellos tienen 22 años tienen la edad de gabriel tu prima.,Grupo SG01 Plaza MTY Edades 35 a 55 años NSE C+B,MTY_C+B_35 a 55,C+B_35 a 55
SG01,MTY,Nuevo León,35 a 55,C+B,2025,Claudia Veloquio,Participante,"Bueno Gabriel va para 22, sí.","bueno gabriel va para 22, sí.",Grupo SG01 Plaza MTY Edades 35 a 55 años NSE C+B,MTY_C+B_35 a 55,C+B_35 a 55
SG01,MTY,Nuevo León,35 a 55,C+B,2025,Claudia Veloquio,Participante,adultísimo,adultísimo,Grupo SG01 Plaza MTY Edades 35 a 55 años NSE C+B,MTY_C+B_35 a 55,C+B_35 a 55
SG01,MTY,Nuevo León,35 a 55,C+B,2025,Claudia Veloquio,Participante,"Sí, Ah sí ya se sienten los más adultos Sí este.","sí, ah sí ya se sienten los más adultos sí este.",Grupo SG01 Plaza MTY Edades 35 a 55 años NSE C+B,MTY_C+B_35 a 55,C+B_35 a 55
SG01,MTY,Nuevo León,35 a 55,C+B,2025,Claudia Veloquio,Participante,creo que Gabriel está en Madrid verdad y Gabriel está en Madrid Pedrito allá en,creo que gabriel está en madrid verdad y gabriel está en madrid pedrito allá en,Grupo SG01 Plaza MTY Edades 35 a 55 años NSE C+B,MTY_C+B_35 a 55,C+B_35 a 55
SG01,MTY,Nuevo León,35 a 55,C+B,2025,Claudia Veloquio,Participante,Boston No qué padre,boston no qué padre,Grupo SG01 Plaza MTY Edades 35 a 55 años NSE C+B,MTY_C+B_35 a 55,C+B_35 a 55
SG01,MTY,Nuevo León,35 a 55,C+B,2025,Claudia Veloquio,Participante,los problemas aquí Okay.,los problemas aquí okay.,Grupo SG01 Plaza MTY Edades 35 a 55 años NSE C+B,MTY_C+B_35 a 55,C+B_35 a 55
SG01,MTY,Nuevo León,35 a 55,C+B,2025,Claudia Veloquio,Participante,"Mira Bueno A mi modo de ver yo siento que la gente en general necesita una mejor realidad una mejor vialidad mejor calidad de vida en sus traslados del día a día Siento que algo muy importante que necesitan es manejar mejor su alimentación. siento que los tiempos aquí en Monterrey ahorita no le dan la oportunidad a la gente de cuidarse como Es lo lo necesario para su bienestar porque pasan mucho tiempo en traslados pasan mucho tiempo. Pues en el tráfico y no les da oportunidad de cuidarse de mantenerse. Yo siento que Si hubiera una mejor movilidad una mejor forma de que la gente pueda llegar a su destino más rápido, pues tendrían más tiempo libre. Yo creo que esa problemática. sería muy buena Sería muy bueno que el Gobierno porque pues no es así.","mira bueno a mi modo de ver yo siento que la gente en general necesita una mejor realidad una mejor vialidad mejor calidad de vida en sus traslados del día a día siento que algo muy importante que necesitan es manejar mejor su alimentación. siento que los tiempos aquí en monterrey ahorita no le dan la oportunidad a la gente de cuidarse como es lo lo necesario para su bienestar porque pasan mucho tiempo en traslados pasan mucho tiempo. pues en el tráfico y no les da oportunidad de cuidarse de mantenerse. yo siento que si hubiera una mejor movilidad una mejor forma de que la gente pueda llegar a su destino más rápido, pues tendrían más tiempo libre. yo creo que esa problemática. sería muy buena sería muy bueno que el gobierno porque pues no es así.",Grupo SG01 Plaza MTY Edades 35 a 55 años NSE C+B,MTY_C+B_35 a 55,C+B_35 a 55
SG01,MTY,Nuevo León,35 a 55,C+B,2025,Claudia Veloquio,Participante,la gente sufre en los traslados,la gente sufre en los traslados,Grupo SG01 Plaza MTY Edades 35 a 55 años NSE C+B,MTY_C+B_35 a 55,C+B_35 a 55
SG01,MTY,Nuevo León,35 a 55,C+B,2025,Claudia Veloquio,Participante,"Pues yo siento, por ejemplo, pues al moverme yo todos los días como como en mi casa de Este pues de una tres. Procuro no y noto que la gente está muy alterada al manejar. Yo siento que hay mucho estrés social, hay mucha Con que la gente está muy enojada y se siente mucho al ir manejando porque dices tú que hice, verdad, pica mucho la gente. Te cierran, yo siento que hay mucha como hostilidad. Al salir al por sobre todo en la zona céntricas donde pues está pues la gente. yendo a sus vueltas del día a día en el mundo real","pues yo siento, por ejemplo, pues al moverme yo todos los días como como en mi casa de este pues de una tres. procuro no y noto que la gente está muy alterada al manejar. yo siento que hay mucho estrés social, hay mucha con que la gente está muy enojada y se siente mucho al ir manejando porque dices tú que hice, verdad, pica mucho la gente. te cierran, yo siento que hay mucha como hostilidad. al salir al por sobre todo en la zona céntricas donde pues está pues la gente. yendo a sus vueltas del día a día en el mundo real",Grupo SG01 Plaza MTY Edades 35 a 55 años NSE C+B,MTY_C+B_35 a 55,C+B_35 a 55
SG01,MTY,Nuevo León,35 a 55,C+B,2025,Claudia Veloquio,Participante,sí,sí,Grupo SG01 Plaza MTY Edades 35 a 55 años NSE C+B,MTY_C+B_35 a 55,C+B_35 a 55
SG01,MTY,Nuevo León,35 a 55,C+B,2025,Claudia Veloquio,Participante,Qué opinaba yo de la presidenta?,qué opinaba yo de la presidenta?,Grupo SG01 Plaza MTY Edades 35 a 55 años NSE C+B,MTY_C+B_35 a 55,C+B_35 a 55
SG01,MTY,Nuevo León,35 a 55,C+B,2025,Claudia Veloquio,Participante,"Ay yo me di el tiempo me di el tiempo de leer de ella de conocerla. por curiosidad No por algo nuevo y porque es mujer y por Pues comentarios que escuchaba Pero la verdad es que me sorprendió. sentí certeza de que es una mujer preparada es una mujer que creció en el ámbito, pues ahora sí que político su preparación me gustó mucho O sea ella viene de prepararse y yo desde los desde adolescente muy activista muy Pues entusiasta en el ánimo de ayudar a la comunidad y a su entorno. Empecé a investigar, qué ha hecho? Qué? Pues ahora sí, que qué ha tenido ella su cargo y me No pues me me saturó, o sea, fue demasiado. Es muy difícil estar a la par de una mujer tan preparada y se ganó Mi voto esto yo voté por ella.","ay yo me di el tiempo me di el tiempo de leer de ella de conocerla. por curiosidad no por algo nuevo y porque es mujer y por pues comentarios que escuchaba pero la verdad es que me sorprendió. sentí certeza de que es una mujer preparada es una mujer que creció en el ámbito, pues ahora sí que político su preparación me gustó mucho o sea ella viene de prepararse y yo desde los desde adolescente muy activista muy pues entusiasta en el ánimo de ayudar a la comunidad y a su entorno. empecé a investigar, qué ha hecho? qué? pues ahora sí, que qué ha tenido ella su cargo y me no pues me me saturó, o sea, fue demasiado. es muy difícil estar a la par de una mujer tan preparada y se ganó mi voto esto yo voté por ella.",Grupo SG01 Plaza MTY Edades 35 a 55 años NSE C+B,MTY_C+B_35 a 55,C+B_35 a 55
SG01,MTY,Nuevo León,35 a 55,C+B,2025,Claudia Veloquio,Participante,"Voté por ella y ahora que la he visto ya en el puesto en el cargo. pues no, no me arrepiento Yo creo que es una mujer muy preparada que pues va a dejar algo en México","voté por ella y ahora que la he visto ya en el puesto en el cargo. pues no, no me arrepiento yo creo que es una mujer muy preparada que pues va a dejar algo en méxico",Grupo SG01 Plaza MTY Edades 35 a 55 años NSE C+B,MTY_C+B_35 a 55,C+B_35 a 55
SG01,MTY,Nuevo León,35 a 55,C+B,2025,Claudia Veloquio,Participante,"Ah sí, sí, este yo escuchaba, pues ciertos comentarios. pues negativos porque este, pues yo sé que En Pues en el ambiente donde me muevo y muchos. Pues se manejan muchos intereses muchos compromisos. es un tema sensible porque al haber compromisos o parientes o Que ya una en sí, costumbre y miedo al cambio. Sentía yo que hablaban pero desde su enojo de perder. una posición o un beneficio más que por el bien común Porque algo que yo veo y eso sigo escuchando es que dicen que El partido de Clayderman o sea morena ya no, porque regala dinero y yo lo veo diferente. Yo creo que siempre ha habido fugas importantes de dinero en el gobierno. Y yo creo que si si ayuda a la gente mayor que ya lo dio todo, verdad? Yo creo que si se ayuda esa gente. Esa gente tiene muchas necesidades básicas Entonces el dinero que reciben logas tanto inmediato y Creo yo que al gastarlo activar la economía de los más pequeños y eso a mí lo evalúa y dije pues está bien, hay más dinero circulando mucho más. Porque hay otro dinero que pues creo, yo se reparte a otros niveles y la gente del pueblo nunca lo ve. No llega a sus bolsillos, eso es lo que yo siento y sí, mucha negatividad a","ah sí, sí, este yo escuchaba, pues ciertos comentarios. pues negativos porque este, pues yo sé que en pues en el ambiente donde me muevo y muchos. pues se manejan muchos intereses muchos compromisos. es un tema sensible porque al haber compromisos o parientes o que ya una en sí, costumbre y miedo al cambio. sentía yo que hablaban pero desde su enojo de perder. una posición o un beneficio más que por el bien común porque algo que yo veo y eso sigo escuchando es que dicen que el partido de clayderman o sea morena ya no, porque regala dinero y yo lo veo diferente. yo creo que siempre ha habido fugas importantes de dinero en el gobierno. y yo creo que si si ayuda a la gente mayor que ya lo dio todo, verdad? yo creo que si se ayuda esa gente. esa gente tiene muchas necesidades básicas entonces el dinero que reciben logas tanto inmediato y creo yo que al gastarlo activar la economía de los más pequeños y eso a mí lo evalúa y dije pues está bien, hay más dinero circulando mucho más. porque hay otro dinero que pues creo, yo se reparte a otros niveles y la gente del pueblo nunca lo ve. no llega a sus bolsillos, eso es lo que yo siento y sí, mucha negatividad a",Grupo SG01 Plaza MTY Edades 35 a 55 años NSE C+B,MTY_C+B_35 a 55,C+B_35 a 55
SG01,MTY,Nuevo León,35 a 55,C+B,2025,Claudia Veloquio,Participante,"veces de ese tema, que pues yo me reservé, fíjate a poca gente le dije. Pues que a mí me gustaba el cambio.","veces de ese tema, que pues yo me reservé, fíjate a poca gente le dije. pues que a mí me gustaba el cambio.",Grupo SG01 Plaza MTY Edades 35 a 55 años NSE C+B,MTY_C+B_35 a 55,C+B_35 a 55
SG01,MTY,Nuevo León,35 a 55,C+B,2025,Claudia Veloquio,Participante,Y van bien van bien?,y van bien van bien?,Grupo SG01 Plaza MTY Edades 35 a 55 años NSE C+B,MTY_C+B_35 a 55,C+B_35 a 55
SG01,MTY,Nuevo León,35 a 55,C+B,2025,Claudia Veloquio,Participante,"Sí sí sí, dime.","sí sí sí, dime.",Grupo SG01 Plaza MTY Edades 35 a 55 años NSE C+B,MTY_C+B_35 a 55,C+B_35 a 55
SG01,MTY,Nuevo León,35 a 55,C+B,2025,Claudia Veloquio,Participante,a ver,a ver,Grupo SG01 Plaza MTY Edades 35 a 55 años NSE C+B,MTY_C+B_35 a 55,C+B_35 a 55
SG01,MTY,Nuevo León,35 a 55,C+B,2025,Claudia Veloquio,Participante,primero el pueblo Pues es básicamente lo que pienso yo. Que se ayude a la gente que se le apoye porque yo creo que hay demasiado dinero en el gobierno. Estoy de acuerdo con esa frase.,primero el pueblo pues es básicamente lo que pienso yo. que se ayude a la gente que se le apoye porque yo creo que hay demasiado dinero en el gobierno. estoy de acuerdo con esa frase.,Grupo SG01 Plaza MTY Edades 35 a 55 años NSE C+B,MTY_C+B_35 a 55,C+B_35 a 55
SG01,MTY,Nuevo León,35 a 55,C+B,2025,Claudia Veloquio,Participante,"pues Que tengan más empatía por la sociedad trabajadora. Porque habemos muchos que tenemos pues pues gracias a Dios verdad. pues una situación cómoda no cómoda, pero yo siento que No se considera muy bien en la actualidad a la a los que menos tienen en su educación en los suelos y sobre todo en la igualdad de puestos con las mujeres ese eslogan dice. Creo yo que están están pensando en mejorar empleos en quiero pensar yo quisiera en mejorar la movilidad para ellos. En en mandarles buenas campañas de atención en su salud y en lo emocional. quiero pensar que eso se refieren de primero los los Quiero pensar que ese es el objetivo de verlos.","pues que tengan más empatía por la sociedad trabajadora. porque habemos muchos que tenemos pues pues gracias a dios verdad. pues una situación cómoda no cómoda, pero yo siento que no se considera muy bien en la actualidad a la a los que menos tienen en su educación en los suelos y sobre todo en la igualdad de puestos con las mujeres ese eslogan dice. creo yo que están están pensando en mejorar empleos en quiero pensar yo quisiera en mejorar la movilidad para ellos. en en mandarles buenas campañas de atención en su salud y en lo emocional. quiero pensar que eso se refieren de primero los los quiero pensar que ese es el objetivo de verlos.",Grupo SG01 Plaza MTY Edades 35 a 55 años NSE C+B,MTY_C+B_35 a 55,C+B_35 a 55
SG01,MTY,Nuevo León,35 a 55,C+B,2025,Claudia Veloquio,Participante,mejor y Sobre todo cuidando su calidad de vida.,mejor y sobre todo cuidando su calidad de vida.,Grupo SG01 Plaza MTY Edades 35 a 55 años NSE C+B,MTY_C+B_35 a 55,C+B_35 a 55
SG01,MTY,Nuevo León,35 a 55,C+B,2025,Claudia Veloquio,Participante,"Bueno para mí el pueblo Es la gente de trabajo la gente que día a día llega a sus a sus trabajos Ya sea secretaria obreros directivos estudiantes. Es tanto. Pues la gente que que vive de un ingreso semanal quincenal o mensual, no? ellos en general y A su vez hay otra área que es la gente. Mayor gente que necesita ser cuidada que necesita mejores accesos para llegar a sus consultas. Gente que depende ya de nosotros de nosotros, o sea, ya sea o nuestros papás nuestros abuelitos. gente que necesita que necesita apoyo compañía Ingreso Y los que más tienen los de arriba Yo creo que es la gente.","bueno para mí el pueblo es la gente de trabajo la gente que día a día llega a sus a sus trabajos ya sea secretaria obreros directivos estudiantes. es tanto. pues la gente que que vive de un ingreso semanal quincenal o mensual, no? ellos en general y a su vez hay otra área que es la gente. mayor gente que necesita ser cuidada que necesita mejores accesos para llegar a sus consultas. gente que depende ya de nosotros de nosotros, o sea, ya sea o nuestros papás nuestros abuelitos. gente que necesita que necesita apoyo compañía ingreso y los que más tienen los de arriba yo creo que es la gente.",Grupo SG01 Plaza MTY Edades 35 a 55 años NSE C+B,MTY_C+B_35 a 55,C+B_35 a 55
SG01,MTY,Nuevo León,35 a 55,C+B,2025,Claudia Veloquio,Participante,del gobierno la gente acomodada la gente que Es pues los empresarios. pues la gente que ya viene de un espasmo de esa gente que ya tiene su,del gobierno la gente acomodada la gente que es pues los empresarios. pues la gente que ya viene de un espasmo de esa gente que ya tiene su,Grupo SG01 Plaza MTY Edades 35 a 55 años NSE C+B,MTY_C+B_35 a 55,C+B_35 a 55
SG01,MTY,Nuevo León,35 a 55,C+B,2025,Claudia Veloquio,Participante,"Vida resuelta no, pero sobre todo los cargos políticos y de gobierno son los de río. Esa sociedad que está muy dividida. Yo siento que al día de hoy está. separándose cada vez","vida resuelta no, pero sobre todo los cargos políticos y de gobierno son los de río. esa sociedad que está muy dividida. yo siento que al día de hoy está. separándose cada vez",Grupo SG01 Plaza MTY Edades 35 a 55 años NSE C+B,MTY_C+B_35 a 55,C+B_35 a 55
SG01,MTY,Nuevo León,35 a 55,C+B,2025,Claudia Veloquio,Participante,"No vivimos de apoyos. Vivimos el esfuerzo, yo creo que se refieren a que la ayuda que recibe el gobierno. Que reciben del gobierno obviamente no es para mantenerse, es para tener ese poquito más aún con esa ayuda, pues tiene que ser algún trabajito, tiene que haber algún otra entrada de los hijos tiene que haber. Otro apoyo más esto es solamente. Pues una una ayuda para llegar a la quincena llegar al mes o para comprar medicinas. Yo creo que se refiere que es un apoyo más, no, una totalidad O sea no se mantiene la gente de la ayuda del gobierno, es imposible el nivel de vida en Monterrey perdón de Monterrey es cada vez más caro cada vez se necesita. pues más para mantenerse una persona individual y yo creo que de ahí viene que estas generaciones no quieren casarse porque piensan mucho en el gasto tienen aquí el tema económico y antes era más importante lo emocional que El que lo económico y ahorita yo lo veo ese cambio que ante todo es cuánto tengo me animo y antes era que siento me animo entonces ahorita hay otro como enfoque en estos nuevos generaciones. Este ya me desvío un poco, pero eso es lo que pienso.","no vivimos de apoyos. vivimos el esfuerzo, yo creo que se refieren a que la ayuda que recibe el gobierno. que reciben del gobierno obviamente no es para mantenerse, es para tener ese poquito más aún con esa ayuda, pues tiene que ser algún trabajito, tiene que haber algún otra entrada de los hijos tiene que haber. otro apoyo más esto es solamente. pues una una ayuda para llegar a la quincena llegar al mes o para comprar medicinas. yo creo que se refiere que es un apoyo más, no, una totalidad o sea no se mantiene la gente de la ayuda del gobierno, es imposible el nivel de vida en monterrey perdón de monterrey es cada vez más caro cada vez se necesita. pues más para mantenerse una persona individual y yo creo que de ahí viene que estas generaciones no quieren casarse porque piensan mucho en el gasto tienen aquí el tema económico y antes era más importante lo emocional que el que lo económico y ahorita yo lo veo ese cambio que ante todo es cuánto tengo me animo y antes era que siento me animo entonces ahorita hay otro como enfoque en estos nuevos generaciones. este ya me desvío un poco, pero eso es lo que pienso.",Grupo SG01 Plaza MTY Edades 35 a 55 años NSE C+B,MTY_C+B_35 a 55,C+B_35 a 55
SG01,MTY,Nuevo León,35 a 55,C+B,2025,Claudia Veloquio,Participante,"Sí sí, porque habla del esfuerzo y validan un poco y sí valida no, no sí, validando. No me mantienes, Yo me esfuerzo.","sí sí, porque habla del esfuerzo y validan un poco y sí valida no, no sí, validando. no me mantienes, yo me esfuerzo.",Grupo SG01 Plaza MTY Edades 35 a 55 años NSE C+B,MTY_C+B_35 a 55,C+B_35 a 55
SG01,MTY,Nuevo León,35 a 55,C+B,2025,Claudia Veloquio,Participante,a ver,a ver,Grupo SG01 Plaza MTY Edades 35 a 55 años NSE C+B,MTY_C+B_35 a 55,C+B_35 a 55
SG01,MTY,Nuevo León,35 a 55,C+B,2025,Claudia Veloquio,Participante,Sí a ver,sí a ver,Grupo SG01 Plaza MTY Edades 35 a 55 años NSE C+B,MTY_C+B_35 a 55,C+B_35 a 55
SG02,MTY,Nuevo León,35 a 55,C+B,2025,Olivia Gonzalez,Participante,Hola cómo estás Joaquín,hola cómo estás joaquín,Grupo SG02 Plaza MTY Edades 35 a 55 años NSE C+B,MTY_C+B_35 a 55,C+B_35 a 55
SG02,MTY,Nuevo León,35 a 55,C+B,2025,Olivia Gonzalez,Participante,Bien también pues aquí.,bien también pues aquí.,Grupo SG02 Plaza MTY Edades 35 a 55 años NSE C+B,MTY_C+B_35 a 55,C+B_35 a 55
SG02,MTY,Nuevo León,35 a 55,C+B,2025,Olivia Gonzalez,Participante,"Nombre encantada, tengo lo único que se me olvidó, voy saliendo de mi clase y luego tengo otro juego y así pero pero nombre encantada de poderte ayudar.","nombre encantada, tengo lo único que se me olvidó, voy saliendo de mi clase y luego tengo otro juego y así pero pero nombre encantada de poderte ayudar.",Grupo SG02 Plaza MTY Edades 35 a 55 años NSE C+B,MTY_C+B_35 a 55,C+B_35 a 55
SG02,MTY,Nuevo León,35 a 55,C+B,2025,Olivia Gonzalez,Participante,"Pues adivina con quién andaba en la clase y con quién voy a jugar ahorita, o sea, es mi súper Partner entonces, ahí andamos las dos para todos lados.","pues adivina con quién andaba en la clase y con quién voy a jugar ahorita, o sea, es mi súper partner entonces, ahí andamos las dos para todos lados.",Grupo SG02 Plaza MTY Edades 35 a 55 años NSE C+B,MTY_C+B_35 a 55,C+B_35 a 55
SG02,MTY,Nuevo León,35 a 55,C+B,2025,Olivia Gonzalez,Participante,Okay okay.,okay okay.,Grupo SG02 Plaza MTY Edades 35 a 55 años NSE C+B,MTY_C+B_35 a 55,C+B_35 a 55
SG02,MTY,Nuevo León,35 a 55,C+B,2025,Olivia Gonzalez,Participante,Ándale perfectísimo claro,ándale perfectísimo claro,Grupo SG02 Plaza MTY Edades 35 a 55 años NSE C+B,MTY_C+B_35 a 55,C+B_35 a 55
SG02,MTY,Nuevo León,35 a 55,C+B,2025,Olivia Gonzalez,Participante,Ajá,ajá,Grupo SG02 Plaza MTY Edades 35 a 55 años NSE C+B,MTY_C+B_35 a 55,C+B_35 a 55
SG02,MTY,Nuevo León,35 a 55,C+B,2025,Olivia Gonzalez,Participante,Ajá,ajá,Grupo SG02 Plaza MTY Edades 35 a 55 años NSE C+B,MTY_C+B_35 a 55,C+B_35 a 55
SG02,MTY,Nuevo León,35 a 55,C+B,2025,Olivia Gonzalez,Participante,"vida sus creencias toda esta parte a mí me encanta y mi chamba básicamente es ser siempre digo chismoso profesional porque mi trabajo es platicar con las personas platicar y andar de pregunto entonces me gusta mucho. Ah muy bien, Qué padre Oye me gustó y pues no no sabía que estaba esa carrera, pero está muy muy interesante.","vida sus creencias toda esta parte a mí me encanta y mi chamba básicamente es ser siempre digo chismoso profesional porque mi trabajo es platicar con las personas platicar y andar de pregunto entonces me gusta mucho. ah muy bien, qué padre oye me gustó y pues no no sabía que estaba esa carrera, pero está muy muy interesante.",Grupo SG02 Plaza MTY Edades 35 a 55 años NSE C+B,MTY_C+B_35 a 55,C+B_35 a 55
SG02,MTY,Nuevo León,35 a 55,C+B,2025,Olivia Gonzalez,Participante,"Ya, ya, qué padre.","ya, ya, qué padre.",Grupo SG02 Plaza MTY Edades 35 a 55 años NSE C+B,MTY_C+B_35 a 55,C+B_35 a 55
SG02,MTY,Nuevo León,35 a 55,C+B,2025,Olivia Gonzalez,Participante,"OK Bueno pues yo Olivia González nací aquí en Monterrey viví aquí en Monterrey pues la mayor parte de mi vida hasta que me casé a los veinticinco años me voy con mi esposo a vivir a Estados Unidos viví diez años en Houston Pues bueno mi esposo fallece y entonces yo regreso a Monterrey a los 35 con mis dos hijos de tres y cinco años y pues aquí hemos estado viviendo, pues más que todo la decisión fue venirnos a a Monterrey para estar con la familia en Houston digo es una vida muy bonita muy padre vivir allá, pero pues la familia al final de cuentas es lo que te llama y creo que fue Pues de las mejores decisiones estar aquí mis hijos. Aquí han crecido aquí han estado. O actualmente están bueno los dos en prepa están en la prepa Tec y pues muy bien Me encanta. Viajar, Sí gracias a Dios He viajado con mis hijos por todo el mundo hemos andado trabajo trabajo este, pues ahora sí que a mis tiempo digo con un horario de de tratar de todos los días asistir Pero ahora sí quedo con horarios muy flexibles. Soy administradora de una empresa Este y pues en cuanto a deporte pues hago pádel me encanta ser hiking juego fútbol. y también hago pilates y todo lo que me pongan me encanta el deporte me encanta","ok bueno pues yo olivia gonzález nací aquí en monterrey viví aquí en monterrey pues la mayor parte de mi vida hasta que me casé a los veinticinco años me voy con mi esposo a vivir a estados unidos viví diez años en houston pues bueno mi esposo fallece y entonces yo regreso a monterrey a los 35 con mis dos hijos de tres y cinco años y pues aquí hemos estado viviendo, pues más que todo la decisión fue venirnos a a monterrey para estar con la familia en houston digo es una vida muy bonita muy padre vivir allá, pero pues la familia al final de cuentas es lo que te llama y creo que fue pues de las mejores decisiones estar aquí mis hijos. aquí han crecido aquí han estado. o actualmente están bueno los dos en prepa están en la prepa tec y pues muy bien me encanta. viajar, sí gracias a dios he viajado con mis hijos por todo el mundo hemos andado trabajo trabajo este, pues ahora sí que a mis tiempo digo con un horario de de tratar de todos los días asistir pero ahora sí quedo con horarios muy flexibles. soy administradora de una empresa este y pues en cuanto a deporte pues hago pádel me encanta ser hiking juego fútbol. y también hago pilates y todo lo que me pongan me encanta el deporte me encanta",Grupo SG02 Plaza MTY Edades 35 a 55 años NSE C+B,MTY_C+B_35 a 55,C+B_35 a 55
SG02,MTY,Nuevo León,35 a 55,C+B,2025,Olivia Gonzalez,Participante,"y pues bueno, es básicamente así como","y pues bueno, es básicamente así como",Grupo SG02 Plaza MTY Edades 35 a 55 años NSE C+B,MTY_C+B_35 a 55,C+B_35 a 55
SG02,MTY,Nuevo León,35 a 55,C+B,2025,Olivia Gonzalez,Participante,"Sí, sí, sí, sí, nos hallamos, súper bien, nos conocimos y en enero febrero, empezamos a jugar juntas y no nos hemos separado, o sea, y chistosamente hasta nos parecemos. Físicamente siempre nos dicen que si somos hermanas gemelas primas algo. Sí, sí, sí, sí, sí, sí, sí sí, sí, bien.","sí, sí, sí, sí, nos hallamos, súper bien, nos conocimos y en enero febrero, empezamos a jugar juntas y no nos hemos separado, o sea, y chistosamente hasta nos parecemos. físicamente siempre nos dicen que si somos hermanas gemelas primas algo. sí, sí, sí, sí, sí, sí, sí sí, sí, bien.",Grupo SG02 Plaza MTY Edades 35 a 55 años NSE C+B,MTY_C+B_35 a 55,C+B_35 a 55
SG02,MTY,Nuevo León,35 a 55,C+B,2025,Olivia Gonzalez,Participante,"ya también ya conozco a tu tía leo, conozco Aquí bueno, no, no a él no lo","ya también ya conozco a tu tía leo, conozco aquí bueno, no, no a él no lo",Grupo SG02 Plaza MTY Edades 35 a 55 años NSE C+B,MTY_C+B_35 a 55,C+B_35 a 55
SG02,MTY,Nuevo León,35 a 55,C+B,2025,Olivia Gonzalez,Participante,"conozco, conozco a Tus primos pero por fotos porque todavía andan estudiando fuera, pero que ya","conozco, conozco a tus primos pero por fotos porque todavía andan estudiando fuera, pero que ya",Grupo SG02 Plaza MTY Edades 35 a 55 años NSE C+B,MTY_C+B_35 a 55,C+B_35 a 55
SG02,MTY,Nuevo León,35 a 55,C+B,2025,Olivia Gonzalez,Participante,que lleguen la próxima semana por ahí los conoceremos.,que lleguen la próxima semana por ahí los conoceremos.,Grupo SG02 Plaza MTY Edades 35 a 55 años NSE C+B,MTY_C+B_35 a 55,C+B_35 a 55
SG02,MTY,Nuevo León,35 a 55,C+B,2025,Olivia Gonzalez,Participante,Okay perfecto,okay perfecto,Grupo SG02 Plaza MTY Edades 35 a 55 años NSE C+B,MTY_C+B_35 a 55,C+B_35 a 55
SG02,MTY,Nuevo León,35 a 55,C+B,2025,Olivia Gonzalez,Participante,Y los mayores problemas como de comunidad o los que enfrento yo.,y los mayores problemas como de comunidad o los que enfrento yo.,Grupo SG02 Plaza MTY Edades 35 a 55 años NSE C+B,MTY_C+B_35 a 55,C+B_35 a 55
SG02,MTY,Nuevo León,35 a 55,C+B,2025,Olivia Gonzalez,Participante,"Okay. Pues mira actualmente, o sea, yo creo que en Sí en todo México el problema, pues es la política, o sea, es la política totalmente este que pues no estamos muy de acuerdo en muchas cosas, pero al final dices pues cómo hago para cambiarlo. De mi parte me siento como dices, pues es que soy una personita Cómo cambio esta manera de pensar de de esta política de este presidente. Y así como muy global, yo siento que la política a mí no me gusta aquí en México no me gusta lo que se está lo que está pasando lo que están haciendo. Este y en cuanto a Monterrey San Pedro aquí en mi comunidad lo que no me gusta es pues que tomen decisiones por por ti y que pongan no sé una ciclovía que cierren algo que abran algo como sin consultar a la gente que vive en la comunidad que viven aquí, o sea, voy a cerrar este parque o voy a quitar esta vuelta o voy a hacer esto como no hay una. Pues una consenso eso no, no me gusta.","okay. pues mira actualmente, o sea, yo creo que en sí en todo méxico el problema, pues es la política, o sea, es la política totalmente este que pues no estamos muy de acuerdo en muchas cosas, pero al final dices pues cómo hago para cambiarlo. de mi parte me siento como dices, pues es que soy una personita cómo cambio esta manera de pensar de de esta política de este presidente. y así como muy global, yo siento que la política a mí no me gusta aquí en méxico no me gusta lo que se está lo que está pasando lo que están haciendo. este y en cuanto a monterrey san pedro aquí en mi comunidad lo que no me gusta es pues que tomen decisiones por por ti y que pongan no sé una ciclovía que cierren algo que abran algo como sin consultar a la gente que vive en la comunidad que viven aquí, o sea, voy a cerrar este parque o voy a quitar esta vuelta o voy a hacer esto como no hay una. pues una consenso eso no, no me gusta.",Grupo SG02 Plaza MTY Edades 35 a 55 años NSE C+B,MTY_C+B_35 a 55,C+B_35 a 55
SG02,MTY,Nuevo León,35 a 55,C+B,2025,Olivia Gonzalez,Participante,"Sí mira se hizo específicamente una ciclovía aquí por Alfonso Reyes que a mí me afectó en el sentido de vueltas, o sea, para llegar a mi casa Era una vuelta la quitan porque está la ciclovía, se reducen los carriles Entonces vas súper apretada se hace la ciclovía y no porque está en contra de que la gente anda en bici al contrario, qué padre A mí me encantaría poder andar en bici también transportarme pero de una forma segura, o sea, la hacen en Alfonso Reyes con una no sé 50 centímetros para que ande la bici dice se cae alguien lo mata el carro O sea no son ciclovías hechas correctamente si lo Hubieran hecho en un área muy amplia, donde tienes tu ciclovía, tienes tu espacio, tienes tu jardín y y la persona pueda andar, está perfecto decían Oye vivo cerca de ludem, es que tus hijos se Ir a la universidad, es que yo no voy a mandar a mi hijo con la inseguridad que hay en una bici para que lo atropellen con su mochila que trae su su laptop y que lo roben lo asalten O sea no es como que no es el lugar y nunca se hizo una como una encuesta de quieren o no quieren.","sí mira se hizo específicamente una ciclovía aquí por alfonso reyes que a mí me afectó en el sentido de vueltas, o sea, para llegar a mi casa era una vuelta la quitan porque está la ciclovía, se reducen los carriles entonces vas súper apretada se hace la ciclovía y no porque está en contra de que la gente anda en bici al contrario, qué padre a mí me encantaría poder andar en bici también transportarme pero de una forma segura, o sea, la hacen en alfonso reyes con una no sé 50 centímetros para que ande la bici dice se cae alguien lo mata el carro o sea no son ciclovías hechas correctamente si lo hubieran hecho en un área muy amplia, donde tienes tu ciclovía, tienes tu espacio, tienes tu jardín y y la persona pueda andar, está perfecto decían oye vivo cerca de ludem, es que tus hijos se ir a la universidad, es que yo no voy a mandar a mi hijo con la inseguridad que hay en una bici para que lo atropellen con su mochila que trae su su laptop y que lo roben lo asalten o sea no es como que no es el lugar y nunca se hizo una como una encuesta de quieren o no quieren.",Grupo SG02 Plaza MTY Edades 35 a 55 años NSE C+B,MTY_C+B_35 a 55,C+B_35 a 55
SG02,MTY,Nuevo León,35 a 55,C+B,2025,Olivia Gonzalez,Participante,"Mira en lo personal la conocí porque yo en la empresa donde estoy de administradora, es una empresa de tecnología entonces empezamos con el carro eléctrico y ella nos fue a visitar personalmente es una tipasa, o sea, muy muy correcta obviamente muy política muy correcta muy amable como con buena, o sea, bien estudiada es una es una buena persona. Entonces en cuanto a ella personalmente creo que es una buena presidenta creo que que su política a mí no me gusta.","mira en lo personal la conocí porque yo en la empresa donde estoy de administradora, es una empresa de tecnología entonces empezamos con el carro eléctrico y ella nos fue a visitar personalmente es una tipasa, o sea, muy muy correcta obviamente muy política muy correcta muy amable como con buena, o sea, bien estudiada es una es una buena persona. entonces en cuanto a ella personalmente creo que es una buena presidenta creo que que su política a mí no me gusta.",Grupo SG02 Plaza MTY Edades 35 a 55 años NSE C+B,MTY_C+B_35 a 55,C+B_35 a 55
SG02,MTY,Nuevo León,35 a 55,C+B,2025,Olivia Gonzalez,Participante,Pues yo más que todo por por ser mujer como que decía el apoyo.,pues yo más que todo por por ser mujer como que decía el apoyo.,Grupo SG02 Plaza MTY Edades 35 a 55 años NSE C+B,MTY_C+B_35 a 55,C+B_35 a 55
SG02,MTY,Nuevo León,35 a 55,C+B,2025,Olivia Gonzalez,Participante,"Y creo que puede hacer un buen papel. No tenía ciertas dudas porque pues obviamente detrás de esto está el el morena, verdad, Pero dices Bueno vamos a ver qué sucede supuestamente no está tan tan pegada al presidente en cuanto a seguir su política, entonces decía Bueno yo creo que que va a ser un buen papel. O sea, eso básicamente era lo que pensaba.","y creo que puede hacer un buen papel. no tenía ciertas dudas porque pues obviamente detrás de esto está el el morena, verdad, pero dices bueno vamos a ver qué sucede supuestamente no está tan tan pegada al presidente en cuanto a seguir su política, entonces decía bueno yo creo que que va a ser un buen papel. o sea, eso básicamente era lo que pensaba.",Grupo SG02 Plaza MTY Edades 35 a 55 años NSE C+B,MTY_C+B_35 a 55,C+B_35 a 55
SG02,MTY,Nuevo León,35 a 55,C+B,2025,Olivia Gonzalez,Participante,"Yo creo que está bastante correcto. O sea definitivamente, pues no, no podemos vivir esperando que nos den algo, si no hay que esforzarnos por lograr las cosas.","yo creo que está bastante correcto. o sea definitivamente, pues no, no podemos vivir esperando que nos den algo, si no hay que esforzarnos por lograr las cosas.",Grupo SG02 Plaza MTY Edades 35 a 55 años NSE C+B,MTY_C+B_35 a 55,C+B_35 a 55
SG02,MTY,Nuevo León,35 a 55,C+B,2025,Olivia Gonzalez,Participante,"el pueblo No los derriba No, los de arriba o no los de arriba.","el pueblo no los derriba no, los de arriba o no los de arriba.",Grupo SG02 Plaza MTY Edades 35 a 55 años NSE C+B,MTY_C+B_35 a 55,C+B_35 a 55
SG02,MTY,Nuevo León,35 a 55,C+B,2025,Olivia Gonzalez,Participante,"No, los de arriba.","no, los de arriba.",Grupo SG02 Plaza MTY Edades 35 a 55 años NSE C+B,MTY_C+B_35 a 55,C+B_35 a 55
SG02,MTY,Nuevo León,35 a 55,C+B,2025,Olivia Gonzalez,Participante,"Yo creo que también está correcto, sí, a todos nos engloba en el pueblo realmente. A todos y que deje a los de arriba a la política. Yo estaría de acuerdo en ese eslogan","yo creo que también está correcto, sí, a todos nos engloba en el pueblo realmente. a todos y que deje a los de arriba a la política. yo estaría de acuerdo en ese eslogan",Grupo SG02 Plaza MTY Edades 35 a 55 años NSE C+B,MTY_C+B_35 a 55,C+B_35 a 55
SG02,MTY,Nuevo León,35 a 55,C+B,2025,Olivia Gonzalez,Participante,"A mí me gustaría que el pueblo fuéramos todos los mexicanos todos todos y que los de arriba Pues que sean los políticos, verdad los que están tomando las decisiones y que realmente vean por nosotros en general clase alta media baja a todos todos todos.","a mí me gustaría que el pueblo fuéramos todos los mexicanos todos todos y que los de arriba pues que sean los políticos, verdad los que están tomando las decisiones y que realmente vean por nosotros en general clase alta media baja a todos todos todos.",Grupo SG02 Plaza MTY Edades 35 a 55 años NSE C+B,MTY_C+B_35 a 55,C+B_35 a 55
SG02,MTY,Nuevo León,35 a 55,C+B,2025,Olivia Gonzalez,Participante,"Lo que a mí me gustaría pensar tal vez ella los de arriba dice la gente de la clase alta los empresarios no estoy segura, pero siguiendo su su política morenista creo que es mucho el el empresario el rico clase alta, que son los de arriba y el pueblo Pues que son la gente de clase baja y y que así se identifica como su partido.","lo que a mí me gustaría pensar tal vez ella los de arriba dice la gente de la clase alta los empresarios no estoy segura, pero siguiendo su su política morenista creo que es mucho el el empresario el rico clase alta, que son los de arriba y el pueblo pues que son la gente de clase baja y y que así se identifica como su partido.",Grupo SG02 Plaza MTY Edades 35 a 55 años NSE C+B,MTY_C+B_35 a 55,C+B_35 a 55
SG02,MTY,Nuevo León,35 a 55,C+B,2025,Olivia Gonzalez,Participante,"Sí sí, yo creo que sí.","sí sí, yo creo que sí.",Grupo SG02 Plaza MTY Edades 35 a 55 años NSE C+B,MTY_C+B_35 a 55,C+B_35 a 55
SG02,MTY,Nuevo León,35 a 55,C+B,2025,Olivia Gonzalez,Participante,"Okay, okay. Okay, okay.","okay, okay. okay, okay.",Grupo SG02 Plaza MTY Edades 35 a 55 años NSE C+B,MTY_C+B_35 a 55,C+B_35 a 55
SG03,MTY,Nuevo León,35 a 55,C+B,2025,rafael,Participante,Bye bye bueno,bye bye bueno,Grupo SG03 Plaza MTY Edades 35 a 55 años NSE C+B,MTY_C+B_35 a 55,C+B_35 a 55
SG03,MTY,Nuevo León,35 a 55,C+B,2025,rafael,Participante,Cómo estás,cómo estás,Grupo SG03 Plaza MTY Edades 35 a 55 años NSE C+B,MTY_C+B_35 a 55,C+B_35 a 55
SG03,MTY,Nuevo León,35 a 55,C+B,2025,rafael,Participante,Bien también al contrario.,bien también al contrario.,Grupo SG03 Plaza MTY Edades 35 a 55 años NSE C+B,MTY_C+B_35 a 55,C+B_35 a 55
SG03,MTY,Nuevo León,35 a 55,C+B,2025,rafael,Participante,"No te preocupes, yo pensé que ya estaba en el celular de que le picaba y que ya y me resulta que en el celular pues no. Pero mira lo bueno es que estaba aquí en la oficina y tenía, pues la computadora enfrente. Cuéntame, qué te puedo ayudar?","no te preocupes, yo pensé que ya estaba en el celular de que le picaba y que ya y me resulta que en el celular pues no. pero mira lo bueno es que estaba aquí en la oficina y tenía, pues la computadora enfrente. cuéntame, qué te puedo ayudar?",Grupo SG03 Plaza MTY Edades 35 a 55 años NSE C+B,MTY_C+B_35 a 55,C+B_35 a 55
SG03,MTY,Nuevo León,35 a 55,C+B,2025,rafael,Participante,Claro que sí Entonces me vas a hacer preguntas y yo respondo y las preguntas,claro que sí entonces me vas a hacer preguntas y yo respondo y las preguntas,Grupo SG03 Plaza MTY Edades 35 a 55 años NSE C+B,MTY_C+B_35 a 55,C+B_35 a 55
SG03,MTY,Nuevo León,35 a 55,C+B,2025,rafael,Participante,tú vives en Londres,tú vives en londres,Grupo SG03 Plaza MTY Edades 35 a 55 años NSE C+B,MTY_C+B_35 a 55,C+B_35 a 55
SG03,MTY,Nuevo León,35 a 55,C+B,2025,rafael,Participante,Ah Y esto es para para la maestría,ah y esto es para para la maestría,Grupo SG03 Plaza MTY Edades 35 a 55 años NSE C+B,MTY_C+B_35 a 55,C+B_35 a 55
SG03,MTY,Nuevo León,35 a 55,C+B,2025,rafael,Participante,el padre ahorita,el padre ahorita,Grupo SG03 Plaza MTY Edades 35 a 55 años NSE C+B,MTY_C+B_35 a 55,C+B_35 a 55
SG03,MTY,Nuevo León,35 a 55,C+B,2025,rafael,Participante,Son las ocho de la noche.,son las ocho de la noche.,Grupo SG03 Plaza MTY Edades 35 a 55 años NSE C+B,MTY_C+B_35 a 55,C+B_35 a 55
SG03,MTY,Nuevo León,35 a 55,C+B,2025,rafael,Participante,Hace mucho calor ahorita en Barcelona verdad?,hace mucho calor ahorita en barcelona verdad?,Grupo SG03 Plaza MTY Edades 35 a 55 años NSE C+B,MTY_C+B_35 a 55,C+B_35 a 55
SG03,MTY,Nuevo León,35 a 55,C+B,2025,rafael,Participante,"Un chorro para hacer los estudios, verdad?","un chorro para hacer los estudios, verdad?",Grupo SG03 Plaza MTY Edades 35 a 55 años NSE C+B,MTY_C+B_35 a 55,C+B_35 a 55
SG03,MTY,Nuevo León,35 a 55,C+B,2025,rafael,Participante,Muy importante.,muy importante.,Grupo SG03 Plaza MTY Edades 35 a 55 años NSE C+B,MTY_C+B_35 a 55,C+B_35 a 55
SG03,MTY,Nuevo León,35 a 55,C+B,2025,rafael,Participante,"Padre soy de aquí de Monterrey aquí nací, aquí vivo estudié licenciado edición de empresas dirijo, una empresa que se llama los soldados que es una empresa familiar que nos dedicamos a vender helados con azúcar y sin azúcar, tenemos 32 años de que la empezamos mi mamá y yo y ya tengo yo 10 enfrente como director general. estoy como presidente del Consejo contesté en causar, que somos una plataforma que nos dedicamos a hacer subastas de arte y apoyar a cuatro asociaciones de beneficencia y hace un año cree una asociación que se llama asociación Perlita si nos puede seguir en el Instagram te lo voy a agradecer así tal cual asociación Perlita y eso no era mi abuela materna y en esta sesión, lo que","padre soy de aquí de monterrey aquí nací, aquí vivo estudié licenciado edición de empresas dirijo, una empresa que se llama los soldados que es una empresa familiar que nos dedicamos a vender helados con azúcar y sin azúcar, tenemos 32 años de que la empezamos mi mamá y yo y ya tengo yo 10 enfrente como director general. estoy como presidente del consejo contesté en causar, que somos una plataforma que nos dedicamos a hacer subastas de arte y apoyar a cuatro asociaciones de beneficencia y hace un año cree una asociación que se llama asociación perlita si nos puede seguir en el instagram te lo voy a agradecer así tal cual asociación perlita y eso no era mi abuela materna y en esta sesión, lo que",Grupo SG03 Plaza MTY Edades 35 a 55 años NSE C+B,MTY_C+B_35 a 55,C+B_35 a 55
SG03,MTY,Nuevo León,35 a 55,C+B,2025,rafael,Participante,"hago es a 55 familias Joaquín de escasos recursos que no tienen nada de comida que en la mayoría de los casos ya están Pues a punto de pasar con Dios les, damos una despensa mensual para que sus últimos años los últimos meses como ha sido el caso de algunos beneficiados, puedan sentirse queridos arropados protegidos por la sesión por una despensa que les alcanza para comer y nutrirse durante todo el mes aparte estoy como presidente","hago es a 55 familias joaquín de escasos recursos que no tienen nada de comida que en la mayoría de los casos ya están pues a punto de pasar con dios les, damos una despensa mensual para que sus últimos años los últimos meses como ha sido el caso de algunos beneficiados, puedan sentirse queridos arropados protegidos por la sesión por una despensa que les alcanza para comer y nutrirse durante todo el mes aparte estoy como presidente",Grupo SG03 Plaza MTY Edades 35 a 55 años NSE C+B,MTY_C+B_35 a 55,C+B_35 a 55
SG03,MTY,Nuevo León,35 a 55,C+B,2025,rafael,Participante,"Si algo Hermosísimo aparte estoy como presidente en una empresa que nos dedicamos a hacer producción de eventos desde hace 25 años y hacemos eventos desde cinco personas hasta cinco mil personas de fiestas de cumpleaños de bodas de innovaciones de presentaciones de un poco más cargado hacia el ámbito empresarial que hasta el ámbito social y es prácticamente un poquito. En estos 51 años de vida, Dios me ha dado oportunidad de desarrollarme.","si algo hermosísimo aparte estoy como presidente en una empresa que nos dedicamos a hacer producción de eventos desde hace 25 años y hacemos eventos desde cinco personas hasta cinco mil personas de fiestas de cumpleaños de bodas de innovaciones de presentaciones de un poco más cargado hacia el ámbito empresarial que hasta el ámbito social y es prácticamente un poquito. en estos 51 años de vida, dios me ha dado oportunidad de desarrollarme.",Grupo SG03 Plaza MTY Edades 35 a 55 años NSE C+B,MTY_C+B_35 a 55,C+B_35 a 55
SG03,MTY,Nuevo León,35 a 55,C+B,2025,rafael,Participante,En un montón ayudar a la gente.,en un montón ayudar a la gente.,Grupo SG03 Plaza MTY Edades 35 a 55 años NSE C+B,MTY_C+B_35 a 55,C+B_35 a 55
SG03,MTY,Nuevo León,35 a 55,C+B,2025,rafael,Participante,"Así es así, así estamos.","así es así, así estamos.",Grupo SG03 Plaza MTY Edades 35 a 55 años NSE C+B,MTY_C+B_35 a 55,C+B_35 a 55
SG03,MTY,Nuevo León,35 a 55,C+B,2025,rafael,Participante,"Muchas gracias, muchas gracias.","muchas gracias, muchas gracias.",Grupo SG03 Plaza MTY Edades 35 a 55 años NSE C+B,MTY_C+B_35 a 55,C+B_35 a 55
SG03,MTY,Nuevo León,35 a 55,C+B,2025,rafael,Participante,"Muchas gracias Ahí vienen los casos específicos de los 55 beneficiados, donde les dan la platicar a ustedes, cómo se han sentido y cómo se sienten y cuál es su problemática de día a día? Porque pues es una esfera y un panorama totalmente distinto de nosotros, verdad, el no tener garantizado su plato de comida y verse los beneficiado con esas opciones enorme, abuela es algo impresionante.","muchas gracias ahí vienen los casos específicos de los 55 beneficiados, donde les dan la platicar a ustedes, cómo se han sentido y cómo se sienten y cuál es su problemática de día a día? porque pues es una esfera y un panorama totalmente distinto de nosotros, verdad, el no tener garantizado su plato de comida y verse los beneficiado con esas opciones enorme, abuela es algo impresionante.",Grupo SG03 Plaza MTY Edades 35 a 55 años NSE C+B,MTY_C+B_35 a 55,C+B_35 a 55
SG03,MTY,Nuevo León,35 a 55,C+B,2025,rafael,Participante,vialidad seguridad Y falta de asistencialismo a los más pobres.,vialidad seguridad y falta de asistencialismo a los más pobres.,Grupo SG03 Plaza MTY Edades 35 a 55 años NSE C+B,MTY_C+B_35 a 55,C+B_35 a 55
SG03,MTY,Nuevo León,35 a 55,C+B,2025,rafael,Participante,"La vialidad en el municipio donde vivo está colapsada las avenidas y las calles están deplorables llenas de baches llenos de agujeros algo que es impresionante hay una calle específica aquí se llama río volga, es donde están las casas de más antiguas de gente de mucho dinero. Es una calle impresionante llena de baches y de bolas es algo que no lo puedes creer la casa con la calle no va de acuerdo. Entonces en general el municipio y específicamente Monterrey como estado estamos llenos de baches llenos de vialidades más desarrolladas y mal hechas.","la vialidad en el municipio donde vivo está colapsada las avenidas y las calles están deplorables llenas de baches llenos de agujeros algo que es impresionante hay una calle específica aquí se llama río volga, es donde están las casas de más antiguas de gente de mucho dinero. es una calle impresionante llena de baches y de bolas es algo que no lo puedes creer la casa con la calle no va de acuerdo. entonces en general el municipio y específicamente monterrey como estado estamos llenos de baches llenos de vialidades más desarrolladas y mal hechas.",Grupo SG03 Plaza MTY Edades 35 a 55 años NSE C+B,MTY_C+B_35 a 55,C+B_35 a 55
SG03,MTY,Nuevo León,35 a 55,C+B,2025,rafael,Participante,en cuanto,en cuanto,Grupo SG03 Plaza MTY Edades 35 a 55 años NSE C+B,MTY_C+B_35 a 55,C+B_35 a 55
SG03,MTY,Nuevo León,35 a 55,C+B,2025,rafael,Participante,"La seguridad Sí en cuanto a la seguridad pues cada vez vamos más a la alza en asaltos en Rosa coches en la Casas habitación que inclusive hasta colonias que son protegidas por guardias de seguridad los burlan y entran hasta las colonias entran las casas. Entonces, pues sí te da una sensación de vivir en este estado con una inseguridad alta. No digo que este seamos el peor estado del país porque no creo que así sea, pero sí, algo Bastante alto, verdad?","la seguridad sí en cuanto a la seguridad pues cada vez vamos más a la alza en asaltos en rosa coches en la casas habitación que inclusive hasta colonias que son protegidas por guardias de seguridad los burlan y entran hasta las colonias entran las casas. entonces, pues sí te da una sensación de vivir en este estado con una inseguridad alta. no digo que este seamos el peor estado del país porque no creo que así sea, pero sí, algo bastante alto, verdad?",Grupo SG03 Plaza MTY Edades 35 a 55 años NSE C+B,MTY_C+B_35 a 55,C+B_35 a 55
SG03,MTY,Nuevo León,35 a 55,C+B,2025,rafael,Participante,Pues sí Ahora que cree yo esta asociación de hace un año Pues preguntándoles,pues sí ahora que cree yo esta asociación de hace un año pues preguntándoles,Grupo SG03 Plaza MTY Edades 35 a 55 años NSE C+B,MTY_C+B_35 a 55,C+B_35 a 55
SG03,MTY,Nuevo León,35 a 55,C+B,2025,rafael,Participante,"a estas personas adultos mayores están totalmente protegidos a pesar de que ellos ya son candidatos a tener la tarjeta del bienestar. Esto lo da el Gobierno Federal yo me refiero un poco más al gobierno municipal o al gobierno estatal. sus campañas del DIF o campañas de Las instituciones de dentro del estado y de los municipios que se dedican a apoyarlos es casi nula O sea no se enteran, vaya ellos, a dónde pueden ir a pedir ayuda. Entonces, pues realmente se sienten desprotegidos Sin comida y sin apoyo de ninguna especie.","a estas personas adultos mayores están totalmente protegidos a pesar de que ellos ya son candidatos a tener la tarjeta del bienestar. esto lo da el gobierno federal yo me refiero un poco más al gobierno municipal o al gobierno estatal. sus campañas del dif o campañas de las instituciones de dentro del estado y de los municipios que se dedican a apoyarlos es casi nula o sea no se enteran, vaya ellos, a dónde pueden ir a pedir ayuda. entonces, pues realmente se sienten desprotegidos sin comida y sin apoyo de ninguna especie.",Grupo SG03 Plaza MTY Edades 35 a 55 años NSE C+B,MTY_C+B_35 a 55,C+B_35 a 55
SG03,MTY,Nuevo León,35 a 55,C+B,2025,rafael,Participante,"híjoles Pues la verdad es que yo la juzgué de acuerdo a su partido y de acuerdo a sus escenas que es nuestro expresidente Andrés Manuel López Obrador Y por falta de tiempo, la verdad es que no la investigué como como debía de haber sido Entonces hasta la fecha conozco muy poco de ella.","híjoles pues la verdad es que yo la juzgué de acuerdo a su partido y de acuerdo a sus escenas que es nuestro expresidente andrés manuel lópez obrador y por falta de tiempo, la verdad es que no la investigué como como debía de haber sido entonces hasta la fecha conozco muy poco de ella.",Grupo SG03 Plaza MTY Edades 35 a 55 años NSE C+B,MTY_C+B_35 a 55,C+B_35 a 55
SG03,MTY,Nuevo León,35 a 55,C+B,2025,rafael,Participante,Pues mi opinión era que era Exactamente igual un Clon de Andrés Manuel López Obrador verdad.,pues mi opinión era que era exactamente igual un clon de andrés manuel lópez obrador verdad.,Grupo SG03 Plaza MTY Edades 35 a 55 años NSE C+B,MTY_C+B_35 a 55,C+B_35 a 55
SG03,MTY,Nuevo León,35 a 55,C+B,2025,rafael,Participante,"Pues es que mira el haberle quitado a los niños de nuestros presidentes Andrés Manuel López Obrador las medicinas a los niños con cáncer. Pues en mi opinión es algo fatal es algo terrible el haber centralizado en las medicinas en un instituto que no funcionó también es algo terrible entonces, pues mi imagen de Carlos Evan Cuando recién salió y que es Exactamente igual porque es el mismo partido y porque le va a tapar todo a nuestro presidente Para que no sepa las barbaridades medias que hicieron como documentos específicamente.","pues es que mira el haberle quitado a los niños de nuestros presidentes andrés manuel lópez obrador las medicinas a los niños con cáncer. pues en mi opinión es algo fatal es algo terrible el haber centralizado en las medicinas en un instituto que no funcionó también es algo terrible entonces, pues mi imagen de carlos evan cuando recién salió y que es exactamente igual porque es el mismo partido y porque le va a tapar todo a nuestro presidente para que no sepa las barbaridades medias que hicieron como documentos específicamente.",Grupo SG03 Plaza MTY Edades 35 a 55 años NSE C+B,MTY_C+B_35 a 55,C+B_35 a 55
SG03,MTY,Nuevo León,35 a 55,C+B,2025,rafael,Participante,socialismo,socialismo,Grupo SG03 Plaza MTY Edades 35 a 55 años NSE C+B,MTY_C+B_35 a 55,C+B_35 a 55
SG03,MTY,Nuevo León,35 a 55,C+B,2025,rafael,Participante,fatal Fatal en lugar de apoyarme a mí a que yo genere más empleos. Me van a hacer trizas.,fatal fatal en lugar de apoyarme a mí a que yo genere más empleos. me van a hacer trizas.,Grupo SG03 Plaza MTY Edades 35 a 55 años NSE C+B,MTY_C+B_35 a 55,C+B_35 a 55
SG03,MTY,Nuevo León,35 a 55,C+B,2025,rafael,Participante,"Son las empresas empresarios los que eligen el país, verdad los dueños y el pueblo, pues son los que trabajamos.","son las empresas empresarios los que eligen el país, verdad los dueños y el pueblo, pues son los que trabajamos.",Grupo SG03 Plaza MTY Edades 35 a 55 años NSE C+B,MTY_C+B_35 a 55,C+B_35 a 55
SG03,MTY,Nuevo León,35 a 55,C+B,2025,rafael,Participante,Es correcto.,es correcto.,Grupo SG03 Plaza MTY Edades 35 a 55 años NSE C+B,MTY_C+B_35 a 55,C+B_35 a 55
SG03,MTY,Nuevo León,35 a 55,C+B,2025,rafael,Participante,"Pues claro que no me dice algo muy socialismo terrible, porque a todos tanto al empresario como el que trabaja le cuesta ganar dinero.","pues claro que no me dice algo muy socialismo terrible, porque a todos tanto al empresario como el que trabaja le cuesta ganar dinero.",Grupo SG03 Plaza MTY Edades 35 a 55 años NSE C+B,MTY_C+B_35 a 55,C+B_35 a 55
SG03,MTY,Nuevo León,35 a 55,C+B,2025,rafael,Participante,"el dar no sé o sea el dar las cosas de gratis A los que en realidad no lo necesitan. Como verdad a un adulto mayor que ya no puede trabajar, tienes que arroparlo, pero a un joven a un Nini tienes que meterse a trabajar y enseñarlo a trabajar a que se gane cada día.","el dar no sé o sea el dar las cosas de gratis a los que en realidad no lo necesitan. como verdad a un adulto mayor que ya no puede trabajar, tienes que arroparlo, pero a un joven a un nini tienes que meterse a trabajar y enseñarlo a trabajar a que se gane cada día.",Grupo SG03 Plaza MTY Edades 35 a 55 años NSE C+B,MTY_C+B_35 a 55,C+B_35 a 55
SG03,MTY,Nuevo León,35 a 55,C+B,2025,rafael,Participante,Pues ahí eso es muy claro que estás hablando de En mi opinión las empresas. Las empresas no vienen de apoyo viven del esfuerzo del director de toda la gente que trabaja que se esfuerzan para sacarla adelante.,pues ahí eso es muy claro que estás hablando de en mi opinión las empresas. las empresas no vienen de apoyo viven del esfuerzo del director de toda la gente que trabaja que se esfuerzan para sacarla adelante.,Grupo SG03 Plaza MTY Edades 35 a 55 años NSE C+B,MTY_C+B_35 a 55,C+B_35 a 55
SG03,MTY,Nuevo León,35 a 55,C+B,2025,rafael,Participante,Me gusta mucho actualmente diferente.,me gusta mucho actualmente diferente.,Grupo SG03 Plaza MTY Edades 35 a 55 años NSE C+B,MTY_C+B_35 a 55,C+B_35 a 55
SG03,MTY,Nuevo León,35 a 55,C+B,2025,rafael,Participante,"Me gusta, pero sin embargo el empezar con una negación, no? Me gusta más que el otro, pero no está bien empezar con una negación.","me gusta, pero sin embargo el empezar con una negación, no? me gusta más que el otro, pero no está bien empezar con una negación.",Grupo SG03 Plaza MTY Edades 35 a 55 años NSE C+B,MTY_C+B_35 a 55,C+B_35 a 55
SG03,MTY,Nuevo León,35 a 55,C+B,2025,rafael,Participante,sí,sí,Grupo SG03 Plaza MTY Edades 35 a 55 años NSE C+B,MTY_C+B_35 a 55,C+B_35 a 55
SG04,MTY,Nuevo León,35 a 55,C+B,2025,RAMIRO BARRERA GARZA,Participante,Hola Cómo estás Cómo te va,hola cómo estás cómo te va,Grupo SG04 Plaza MTY Edades 35 a 55 años NSE C+B,MTY_C+B_35 a 55,C+B_35 a 55
SG04,MTY,Nuevo León,35 a 55,C+B,2025,RAMIRO BARRERA GARZA,Participante,Excelentemente bien.,excelentemente bien.,Grupo SG04 Plaza MTY Edades 35 a 55 años NSE C+B,MTY_C+B_35 a 55,C+B_35 a 55
SG04,MTY,Nuevo León,35 a 55,C+B,2025,RAMIRO BARRERA GARZA,Participante,Encantado de la vida. encantado,encantado de la vida. encantado,Grupo SG04 Plaza MTY Edades 35 a 55 años NSE C+B,MTY_C+B_35 a 55,C+B_35 a 55
SG04,MTY,Nuevo León,35 a 55,C+B,2025,RAMIRO BARRERA GARZA,Participante,"Pues sí, pero fíjate que yo me la paso encerrada aquí todo el día y el clima","pues sí, pero fíjate que yo me la paso encerrada aquí todo el día y el clima",Grupo SG04 Plaza MTY Edades 35 a 55 años NSE C+B,MTY_C+B_35 a 55,C+B_35 a 55
SG04,MTY,Nuevo León,35 a 55,C+B,2025,RAMIRO BARRERA GARZA,Participante,"está todo lo que haces es hasta Tengo frío, pero pero cuando ya salgo en la noche este. Sí este sí sí, sí veo que que afuera está, está el calor y y los fines de semana. Bueno también lo siento, no este. Pero también como la casa de nosotros está muy alto. Siempre son como cinco grados más bajo que que en la ciudad entonces también","está todo lo que haces es hasta tengo frío, pero pero cuando ya salgo en la noche este. sí este sí sí, sí veo que que afuera está, está el calor y y los fines de semana. bueno también lo siento, no este. pero también como la casa de nosotros está muy alto. siempre son como cinco grados más bajo que que en la ciudad entonces también",Grupo SG04 Plaza MTY Edades 35 a 55 años NSE C+B,MTY_C+B_35 a 55,C+B_35 a 55
SG04,MTY,Nuevo León,35 a 55,C+B,2025,RAMIRO BARRERA GARZA,Participante,"este la casa está muy fresca, llevo y está muy fresca y sobre todo la parte donde está las recámaras, entonces este. Prácticamente sí escucho por aquí por allá este. Que la gente está diciendo que hace mucho calor Y tal Pero este realmente no lo no lo siento, no este también por lo por mis mismas actividades, no? Entonces este ustedes qué tal por allá? Cómo están?","este la casa está muy fresca, llevo y está muy fresca y sobre todo la parte donde está las recámaras, entonces este. prácticamente sí escucho por aquí por allá este. que la gente está diciendo que hace mucho calor y tal pero este realmente no lo no lo siento, no este también por lo por mis mismas actividades, no? entonces este ustedes qué tal por allá? cómo están?",Grupo SG04 Plaza MTY Edades 35 a 55 años NSE C+B,MTY_C+B_35 a 55,C+B_35 a 55
SG04,MTY,Nuevo León,35 a 55,C+B,2025,RAMIRO BARRERA GARZA,Participante,Madre Santa Sí este yo ahora la próxima semana nos vamos a nos vamos a Ibiza y este.,madre santa sí este yo ahora la próxima semana nos vamos a nos vamos a ibiza y este.,Grupo SG04 Plaza MTY Edades 35 a 55 años NSE C+B,MTY_C+B_35 a 55,C+B_35 a 55
SG04,MTY,Nuevo León,35 a 55,C+B,2025,RAMIRO BARRERA GARZA,Participante,"Y he estado viendo el estado del clima y este que, que pues es muy similar este que está está el calor muy rico, entonces este. Sí este nos va a tocar buen clima y así sí se vale cuando estás en la playa.","y he estado viendo el estado del clima y este que, que pues es muy similar este que está está el calor muy rico, entonces este. sí este nos va a tocar buen clima y así sí se vale cuando estás en la playa.",Grupo SG04 Plaza MTY Edades 35 a 55 años NSE C+B,MTY_C+B_35 a 55,C+B_35 a 55
SG04,MTY,Nuevo León,35 a 55,C+B,2025,RAMIRO BARRERA GARZA,Participante,"Sí así sí, así sí se antoja inclusive, no este. Sí así es Entonces este, pues qué bueno, qué bueno, que que están bien por allá este Qué bueno Me da mucho gusto y encantado de la vida. Cuéntame este","sí así sí, así sí se antoja inclusive, no este. sí así es entonces este, pues qué bueno, qué bueno, que que están bien por allá este qué bueno me da mucho gusto y encantado de la vida. cuéntame este",Grupo SG04 Plaza MTY Edades 35 a 55 años NSE C+B,MTY_C+B_35 a 55,C+B_35 a 55
SG04,MTY,Nuevo León,35 a 55,C+B,2025,RAMIRO BARRERA GARZA,Participante,en qué te puedo ayudar Será un placer para mí.,en qué te puedo ayudar será un placer para mí.,Grupo SG04 Plaza MTY Edades 35 a 55 años NSE C+B,MTY_C+B_35 a 55,C+B_35 a 55
SG04,MTY,Nuevo León,35 a 55,C+B,2025,RAMIRO BARRERA GARZA,Participante,"Bien, adelante.","bien, adelante.",Grupo SG04 Plaza MTY Edades 35 a 55 años NSE C+B,MTY_C+B_35 a 55,C+B_35 a 55
SG04,MTY,Nuevo León,35 a 55,C+B,2025,RAMIRO BARRERA GARZA,Participante,"Sí sí, me encanta adelante súper.","sí sí, me encanta adelante súper.",Grupo SG04 Plaza MTY Edades 35 a 55 años NSE C+B,MTY_C+B_35 a 55,C+B_35 a 55
SG04,MTY,Nuevo León,35 a 55,C+B,2025,RAMIRO BARRERA GARZA,Participante,"Sí sí, Bueno este también ya sabes algunas cosas de mí este Mi nombre es Ramiro Barrera este nací en Monterrey Este soy Regio de toda la vida este. Aunque quiero pensar que mi mentalidad no es tan tan de Regio y esto en base a un poquito este a lo que observo de mis grupos mis distintos grupos de amigos este. Y de alguna manera Este soy un poquito más este. Más abierto tal vez ha sido porque también he viajado mucho y Y de pronto los viajes ilustran no este. Entonces este sobre todo que el modo en el que a mí me gusta viajar Es no tanto","sí sí, bueno este también ya sabes algunas cosas de mí este mi nombre es ramiro barrera este nací en monterrey este soy regio de toda la vida este. aunque quiero pensar que mi mentalidad no es tan tan de regio y esto en base a un poquito este a lo que observo de mis grupos mis distintos grupos de amigos este. y de alguna manera este soy un poquito más este. más abierto tal vez ha sido porque también he viajado mucho y y de pronto los viajes ilustran no este. entonces este sobre todo que el modo en el que a mí me gusta viajar es no tanto",Grupo SG04 Plaza MTY Edades 35 a 55 años NSE C+B,MTY_C+B_35 a 55,C+B_35 a 55
SG04,MTY,Nuevo León,35 a 55,C+B,2025,RAMIRO BARRERA GARZA,Participante,"y un día y caminar toda la ciudad y luego irme a otro país y si no quedarme una semana quince días en un sitio y este. Hace el fin de semana platiqué con una pareja de amigos y y me dicen que le digo me dice qué es lo que más te gusta porque ellos saben que ya conozco los cuatro grandes del Mediterráneo que que se conocen el Mediterráneo italiano, el el Mediterráneo francés, el el griego y el español. Me dijo cuál te gusta más y le dije la verdad todos me gustan, pero tienen tiene una parte de mi corazón el Mediterráneo italiano este la costa mal gitana. Me hace ver estrellitas y me dice Ah yo también yo conozco este y yo le dije bien Ah qué bueno este Cuándo fuiste cuánto tiempo estuviste lo llegué en el barco, me bajé a las nueve de la mañana y y a las seis de la tarde me subí al banco y le dije, no, no le dije yo estuve una semana en la costa malditana y me faltó o sea, quedé enamorado, no conoces le dije, no conoces O sea en un día","y un día y caminar toda la ciudad y luego irme a otro país y si no quedarme una semana quince días en un sitio y este. hace el fin de semana platiqué con una pareja de amigos y y me dicen que le digo me dice qué es lo que más te gusta porque ellos saben que ya conozco los cuatro grandes del mediterráneo que que se conocen el mediterráneo italiano, el el mediterráneo francés, el el griego y el español. me dijo cuál te gusta más y le dije la verdad todos me gustan, pero tienen tiene una parte de mi corazón el mediterráneo italiano este la costa mal gitana. me hace ver estrellitas y me dice ah yo también yo conozco este y yo le dije bien ah qué bueno este cuándo fuiste cuánto tiempo estuviste lo llegué en el barco, me bajé a las nueve de la mañana y y a las seis de la tarde me subí al banco y le dije, no, no le dije yo estuve una semana en la costa malditana y me faltó o sea, quedé enamorado, no conoces le dije, no conoces o sea en un día",Grupo SG04 Plaza MTY Edades 35 a 55 años NSE C+B,MTY_C+B_35 a 55,C+B_35 a 55
SG04,MTY,Nuevo León,35 a 55,C+B,2025,RAMIRO BARRERA GARZA,Participante,"ni en dos ni en tres ni en una semana no te la acabas este no conoces entonces este pronto es también un poquito un reflejo de lo que te digo que que de pronto este yo me renté una moto y y me recorrí toda la costa. Malfitana y todos los clubs de playa y en fin este bien Este soy abogado, tengo 34 años siendo abogado corporativo este y de propiedad industrial. diez años en una firma legal grande este ahí prácticamente me formé y ahorita tengo 24 años con mi firma legal establecida Este y pues muy contento porque Porque después de tantos años dedicándote exactamente a lo mismo pues este recoge los frutos, no de tantos años de haciendo lo mismo todos los días y lo mismo y lo mismo y lo mismo te haces bueno que aunque No seas lo máximo pero el hacerlo por 34 años te haces te haces dueño quieras o no este básicamente estoy casado este tengo dos hijas maravillosas, una de","ni en dos ni en tres ni en una semana no te la acabas este no conoces entonces este pronto es también un poquito un reflejo de lo que te digo que que de pronto este yo me renté una moto y y me recorrí toda la costa. malfitana y todos los clubs de playa y en fin este bien este soy abogado, tengo 34 años siendo abogado corporativo este y de propiedad industrial. diez años en una firma legal grande este ahí prácticamente me formé y ahorita tengo 24 años con mi firma legal establecida este y pues muy contento porque porque después de tantos años dedicándote exactamente a lo mismo pues este recoge los frutos, no de tantos años de haciendo lo mismo todos los días y lo mismo y lo mismo y lo mismo te haces bueno que aunque no seas lo máximo pero el hacerlo por 34 años te haces te haces dueño quieras o no este básicamente estoy casado este tengo dos hijas maravillosas, una de",Grupo SG04 Plaza MTY Edades 35 a 55 años NSE C+B,MTY_C+B_35 a 55,C+B_35 a 55
SG04,MTY,Nuevo León,35 a 55,C+B,2025,RAMIRO BARRERA GARZA,Participante,"ellas trabajo conmigo. Este es un miembro de aquí del despacho muy muy destacado y este y soy muy feliz este básicamente Ese soy yo este. Tengo una maestría en derecho fiscal que nunca ejercí derecho fiscal, pero pero era muy joven y dije lo que quiero es tener una maestría y y básicamente. He dado clases en algún momento de derecho corporativo en en la maestría de de derecho corporativo este y básicamente ese soy yo.","ellas trabajo conmigo. este es un miembro de aquí del despacho muy muy destacado y este y soy muy feliz este básicamente ese soy yo este. tengo una maestría en derecho fiscal que nunca ejercí derecho fiscal, pero pero era muy joven y dije lo que quiero es tener una maestría y y básicamente. he dado clases en algún momento de derecho corporativo en en la maestría de de derecho corporativo este y básicamente ese soy yo.",Grupo SG04 Plaza MTY Edades 35 a 55 años NSE C+B,MTY_C+B_35 a 55,C+B_35 a 55
SG04,MTY,Nuevo León,35 a 55,C+B,2025,RAMIRO BARRERA GARZA,Participante,"Pues sí un poco, pero pero de una forma muy superficial realmente Este sí, pero pero en el derecho tienes que ser especialista realmente una maestría de de dos años no, no? Y nada es casi lo mismo Sí de alguna manera, traes muchos conceptos y demás este. Dame un segundo, dame un segundo.","pues sí un poco, pero pero de una forma muy superficial realmente este sí, pero pero en el derecho tienes que ser especialista realmente una maestría de de dos años no, no? y nada es casi lo mismo sí de alguna manera, traes muchos conceptos y demás este. dame un segundo, dame un segundo.",Grupo SG04 Plaza MTY Edades 35 a 55 años NSE C+B,MTY_C+B_35 a 55,C+B_35 a 55
SG04,MTY,Nuevo León,35 a 55,C+B,2025,RAMIRO BARRERA GARZA,Participante,"Si llegaron los documentos. Gracias. Entonces ya ya me fui me fui mucho, verdad Pero ese soy yo encantado de la vida.","si llegaron los documentos. gracias. entonces ya ya me fui me fui mucho, verdad pero ese soy yo encantado de la vida.",Grupo SG04 Plaza MTY Edades 35 a 55 años NSE C+B,MTY_C+B_35 a 55,C+B_35 a 55
SG04,MTY,Nuevo León,35 a 55,C+B,2025,RAMIRO BARRERA GARZA,Participante,"Ahora sí sí me faltó decir algo de mí este, por favor señalamelo.","ahora sí sí me faltó decir algo de mí este, por favor señalamelo.",Grupo SG04 Plaza MTY Edades 35 a 55 años NSE C+B,MTY_C+B_35 a 55,C+B_35 a 55
SG04,MTY,Nuevo León,35 a 55,C+B,2025,RAMIRO BARRERA GARZA,Participante,"Mira básicamente que esta ciudad no fue, no fue. digamos que Planeada para tanta gente realmente hasta hace 15 años este. Prácticamente todos nos conocíamos y este y Era una ciudad que te permitía muchas cosas este hoy no Hoy está llena de gente de todos lados este. Ha crecido muchísimo el estado este y no cabemos el tráfico es Es algo con lo que no estamos acostumbrados este básicamente Yo vivo en San Pedro y básicamente aquí vivimos en una burbuja realmente este porque mi despacho está a tres minutos de mi casa. Este mi club donde voy a hacer ejercicio está a cuatro minutos de mi casa este. Y realmente no, no, sufro, pues este los tráficos Pero cuando me toca ir este algún Parque Industrial para ver algún cliente y demás este o ir a una empresa este que así me lo exige este y paso por salgo de aquí veo que es una locura, no cabemos, no cabemos y la ciudad no está planeada para tanta gente. Y no da para no da para para los lados este tendríamos que hacerlo como en Ciudad de México para arriba porque realmente este. El tráfico es muy pesado este si no es además, no estamos acostumbrados a lo mejor ustedes están acostumbrados a estar Insurgentes tres horas. Nosotros nosotros no este Y de pronto sí, a veces estamos dos tres horas en el tráfico en en horas pico, entonces este Ese es el creo que el principal problema, que hoy te puedo decir.","mira básicamente que esta ciudad no fue, no fue. digamos que planeada para tanta gente realmente hasta hace 15 años este. prácticamente todos nos conocíamos y este y era una ciudad que te permitía muchas cosas este hoy no hoy está llena de gente de todos lados este. ha crecido muchísimo el estado este y no cabemos el tráfico es es algo con lo que no estamos acostumbrados este básicamente yo vivo en san pedro y básicamente aquí vivimos en una burbuja realmente este porque mi despacho está a tres minutos de mi casa. este mi club donde voy a hacer ejercicio está a cuatro minutos de mi casa este. y realmente no, no, sufro, pues este los tráficos pero cuando me toca ir este algún parque industrial para ver algún cliente y demás este o ir a una empresa este que así me lo exige este y paso por salgo de aquí veo que es una locura, no cabemos, no cabemos y la ciudad no está planeada para tanta gente. y no da para no da para para los lados este tendríamos que hacerlo como en ciudad de méxico para arriba porque realmente este. el tráfico es muy pesado este si no es además, no estamos acostumbrados a lo mejor ustedes están acostumbrados a estar insurgentes tres horas. nosotros nosotros no este y de pronto sí, a veces estamos dos tres horas en el tráfico en en horas pico, entonces este ese es el creo que el principal problema, que hoy te puedo decir.",Grupo SG04 Plaza MTY Edades 35 a 55 años NSE C+B,MTY_C+B_35 a 55,C+B_35 a 55
SG04,MTY,Nuevo León,35 a 55,C+B,2025,RAMIRO BARRERA GARZA,Participante,"Me daba pavor y a toda la gente de aquí de San Pedro le daba pavor, a donde fueras a la reunión, que fueras al club con el grupo de de este del otro este todo mundo tenía pavor. Por qué? Porque porque aquí la gente es muy Este sobre todo la gente con la que con la que yo trato este la gente con la que la con la en la zona donde yo vivo donde me donde me desarrollo de todo de todos los ámbitos este mis clientes todos son de De esta zona de San Pedro que algunos tienen sus empresas en otros lados, pero todos su entorno es aquí este. Le daban pavor, este porque decían es gente. Con con pensamientos muy diferentes a nosotros este gente que de alguna manera lo asumimos y después lo comprobamos con López Obrador este. Gente que va muy con muy pensamientos muy diferentes al empresario al sí me entiendas al Industrial este.","me daba pavor y a toda la gente de aquí de san pedro le daba pavor, a donde fueras a la reunión, que fueras al club con el grupo de de este del otro este todo mundo tenía pavor. por qué? porque porque aquí la gente es muy este sobre todo la gente con la que con la que yo trato este la gente con la que la con la en la zona donde yo vivo donde me donde me desarrollo de todo de todos los ámbitos este mis clientes todos son de de esta zona de san pedro que algunos tienen sus empresas en otros lados, pero todos su entorno es aquí este. le daban pavor, este porque decían es gente. con con pensamientos muy diferentes a nosotros este gente que de alguna manera lo asumimos y después lo comprobamos con lópez obrador este. gente que va muy con muy pensamientos muy diferentes al empresario al sí me entiendas al industrial este.",Grupo SG04 Plaza MTY Edades 35 a 55 años NSE C+B,MTY_C+B_35 a 55,C+B_35 a 55
SG04,MTY,Nuevo León,35 a 55,C+B,2025,RAMIRO BARRERA GARZA,Participante,Precisamente que no hubieran que no gobernaran Desde un punto de vista.,precisamente que no hubieran que no gobernaran desde un punto de vista.,Grupo SG04 Plaza MTY Edades 35 a 55 años NSE C+B,MTY_C+B_35 a 55,C+B_35 a 55
SG04,MTY,Nuevo León,35 a 55,C+B,2025,RAMIRO BARRERA GARZA,Participante,"Este en pro de impulsar al empresario de apoyar al empresario este que de alguna manera ellos dijeran que se chinguen los Perdón en el francés, los empresarios y que vivan los pobres y y vamos a ayudar a la gente cuando realmente hemos visto que cuando se acaba el dinero, de dónde lo sacan los que producimos el dinero. Somos la gente que tenemos nuestros negocios que pagamos impuestos este porque el dinero no sale en las maquinitas, no este Entonces si realmente solo están pensando en En en en en en en en en ayudar a los pobres Y esto y lo otro y se olvidan de de de de de facilitarle las cosas a los empresarios para que hagan más dinero y y paguen más impuestos y den más empleos este. No, no, no, no va a funcionar en un sistema de gobierno así en ningún lado ha funcionado este entonces básicamente eso este eso eso era.","este en pro de impulsar al empresario de apoyar al empresario este que de alguna manera ellos dijeran que se chinguen los perdón en el francés, los empresarios y que vivan los pobres y y vamos a ayudar a la gente cuando realmente hemos visto que cuando se acaba el dinero, de dónde lo sacan los que producimos el dinero. somos la gente que tenemos nuestros negocios que pagamos impuestos este porque el dinero no sale en las maquinitas, no este entonces si realmente solo están pensando en en en en en en en en en ayudar a los pobres y esto y lo otro y se olvidan de de de de de facilitarle las cosas a los empresarios para que hagan más dinero y y paguen más impuestos y den más empleos este. no, no, no, no va a funcionar en un sistema de gobierno así en ningún lado ha funcionado este entonces básicamente eso este eso eso era.",Grupo SG04 Plaza MTY Edades 35 a 55 años NSE C+B,MTY_C+B_35 a 55,C+B_35 a 55
SG04,MTY,Nuevo León,35 a 55,C+B,2025,RAMIRO BARRERA GARZA,Participante,"Una tipa de la UNAM que ya me suena súper mal Aunque la UNAM es es una universidad maravillosa este que tiene un prestigio mundial. pero básicamente hay mucho dinosaurio mucho mucha gente ahí este que de alguna manera desde la óptica mía y desde la óptica del empresario de la gente del entorno donde yo vivo, pues está muy La tenemos muy encasillada, que a que hay mucha gente grillera y parásito de la sociedad que nada más están ahí viendo a ver quién brillan viendo a ver qué de Dónde sacan este donde protestan Dónde dónde En vez de ponerse a trabajar a hacer negocios a crear fuentes de empleo este pagar impuestos. Solo quieren este de alguna manera este.","una tipa de la unam que ya me suena súper mal aunque la unam es es una universidad maravillosa este que tiene un prestigio mundial. pero básicamente hay mucho dinosaurio mucho mucha gente ahí este que de alguna manera desde la óptica mía y desde la óptica del empresario de la gente del entorno donde yo vivo, pues está muy la tenemos muy encasillada, que a que hay mucha gente grillera y parásito de la sociedad que nada más están ahí viendo a ver quién brillan viendo a ver qué de dónde sacan este donde protestan dónde dónde en vez de ponerse a trabajar a hacer negocios a crear fuentes de empleo este pagar impuestos. solo quieren este de alguna manera este.",Grupo SG04 Plaza MTY Edades 35 a 55 años NSE C+B,MTY_C+B_35 a 55,C+B_35 a 55
SG04,MTY,Nuevo León,35 a 55,C+B,2025,RAMIRO BARRERA GARZA,Participante,"Que de alguna manera tiene una mentalidad de de grillera de de de hacer paros de de protestar por todo de Odio a los ricos este. que bueno, aunque sabemos hay ricos, súper ricos Ultra ricos y megas ricos, pero me refiero a que cuando digo ricos, es gente que tiene su negocio que a lo mejor tenemos diez doce personas empleadas este que de alguna manera sean considerados a la mejor microempresarios, pero pero que que damos fuentes de empleo que que pagamos renta que pagamos impuesto que Que damos fuentes de ingreso que que que pagamos impuestos que que contribuimos a la economía no este a que a que a que en mayor o menor o muy menor medida, pero que contribuimos a que a que haya flujo de dinero no este que circule el dinero, entonces básicamente Ese es la la opinión que que yo tengo independientemente que sé que es una doctora que de alguna manera académicamente seguramente está muy muy documentada Tiene mucha información es una persona que a lo mejor le gusta el tema académico y estudiar y demás este. Pero básicamente este con eso te puedo decir todo no este de lo que de lo que significa Para mí, ella.","que de alguna manera tiene una mentalidad de de grillera de de de hacer paros de de protestar por todo de odio a los ricos este. que bueno, aunque sabemos hay ricos, súper ricos ultra ricos y megas ricos, pero me refiero a que cuando digo ricos, es gente que tiene su negocio que a lo mejor tenemos diez doce personas empleadas este que de alguna manera sean considerados a la mejor microempresarios, pero pero que que damos fuentes de empleo que que pagamos renta que pagamos impuesto que que damos fuentes de ingreso que que que pagamos impuestos que que contribuimos a la economía no este a que a que a que en mayor o menor o muy menor medida, pero que contribuimos a que a que haya flujo de dinero no este que circule el dinero, entonces básicamente ese es la la opinión que que yo tengo independientemente que sé que es una doctora que de alguna manera académicamente seguramente está muy muy documentada tiene mucha información es una persona que a lo mejor le gusta el tema académico y estudiar y demás este. pero básicamente este con eso te puedo decir todo no este de lo que de lo que significa para mí, ella.",Grupo SG04 Plaza MTY Edades 35 a 55 años NSE C+B,MTY_C+B_35 a 55,C+B_35 a 55
SG04,MTY,Nuevo León,35 a 55,C+B,2025,RAMIRO BARRERA GARZA,Participante,"Me encanta, me encanta. Este creo que esa es la verdad de la vida me guste o no. Este si todos Imagínate que que todos estemos esperando un apoyo todos los seres humanos mexicanos, estemos esperando en nuestras casas un apoyo. De dónde va a salir ese dinero que nos van a dar el apoyo el gobierno, sí Okay eso es lo que te contesta este mi muchacha la gente que que nos ayuda, verdad este que nos atienden el club y demás el gobierno Sí pero el gobierno de dónde saca el dinero? Entonces Si todos estamos sentados esperando que nos llegue apoyo, de dónde va a salir el dinero para que nos den el apoyo a todos, entonces alguien se tiene que esforzar para generar ese dinero. Para que algunos les llegue el apoyo, pero si si todos estamos esperando eso, el país se va a tronar, si me explico este entonces Este creo que que en la medida que cada vez seamos menos los que los que no creemos en ese eslogan y que pensemos que que todo nos va a llegar y que el esfuerzo pues para qué lo hago en esa misma medida el país se va a venir de pique, entonces me encanta. Y va con mi filosofía de vida.","me encanta, me encanta. este creo que esa es la verdad de la vida me guste o no. este si todos imagínate que que todos estemos esperando un apoyo todos los seres humanos mexicanos, estemos esperando en nuestras casas un apoyo. de dónde va a salir ese dinero que nos van a dar el apoyo el gobierno, sí okay eso es lo que te contesta este mi muchacha la gente que que nos ayuda, verdad este que nos atienden el club y demás el gobierno sí pero el gobierno de dónde saca el dinero? entonces si todos estamos sentados esperando que nos llegue apoyo, de dónde va a salir el dinero para que nos den el apoyo a todos, entonces alguien se tiene que esforzar para generar ese dinero. para que algunos les llegue el apoyo, pero si si todos estamos esperando eso, el país se va a tronar, si me explico este entonces este creo que que en la medida que cada vez seamos menos los que los que no creemos en ese eslogan y que pensemos que que todo nos va a llegar y que el esfuerzo pues para qué lo hago en esa misma medida el país se va a venir de pique, entonces me encanta. y va con mi filosofía de vida.",Grupo SG04 Plaza MTY Edades 35 a 55 años NSE C+B,MTY_C+B_35 a 55,C+B_35 a 55
SG04,MTY,Nuevo León,35 a 55,C+B,2025,RAMIRO BARRERA GARZA,Participante,"Creo que no, porque es es se escucha muy romántico. Pero si no ayudas primero a la gallina no va a tener huevos. Si me explico este dónde van a salir los huevos y si no cuidas a la gallina. Le das de comer la la cuidas no va, no va a producir nada, entonces Este sí está muy romántico. El lema, este Sí qué padre Sí este hay que ayudar este a mí me encanta ayudar a mi esposa le encanta ayudar y sacamos de nuestra bolsa para ayudar y todo, pero pero si no tuviéramos Cómo ayudamos y me entiendes Entonces no primero no los pobres primero la gente que produce que se esfuerza. Para que pueda tener dinero y pueda repartir eso, eso es lo que opino.","creo que no, porque es es se escucha muy romántico. pero si no ayudas primero a la gallina no va a tener huevos. si me explico este dónde van a salir los huevos y si no cuidas a la gallina. le das de comer la la cuidas no va, no va a producir nada, entonces este sí está muy romántico. el lema, este sí qué padre sí este hay que ayudar este a mí me encanta ayudar a mi esposa le encanta ayudar y sacamos de nuestra bolsa para ayudar y todo, pero pero si no tuviéramos cómo ayudamos y me entiendes entonces no primero no los pobres primero la gente que produce que se esfuerza. para que pueda tener dinero y pueda repartir eso, eso es lo que opino.",Grupo SG04 Plaza MTY Edades 35 a 55 años NSE C+B,MTY_C+B_35 a 55,C+B_35 a 55
SG04,MTY,Nuevo León,35 a 55,C+B,2025,RAMIRO BARRERA GARZA,Participante,"El de arriba es el que produce el dinero. Este y los que generan el dinero, los que generan fuentes de ingreso, los que pagan impuestos este y el pueblo básicamente es el populo el el el el la la gente que está de alguna manera este. Recibiendo el beneficio de de estos sueldos de los empresarios de la gente que tenemos negocios este. A groso modo eso eso.","el de arriba es el que produce el dinero. este y los que generan el dinero, los que generan fuentes de ingreso, los que pagan impuestos este y el pueblo básicamente es el populo el el el el la la gente que está de alguna manera este. recibiendo el beneficio de de estos sueldos de los empresarios de la gente que tenemos negocios este. a groso modo eso eso.",Grupo SG04 Plaza MTY Edades 35 a 55 años NSE C+B,MTY_C+B_35 a 55,C+B_35 a 55
